season_name,full_name,position,mins,goals,assists,yellows,reds,own_goals,clean_sheets,points,start_price,end_price,next_price,pred_next_price,pred_next_price_error
2016/17,Aaron Cresswell,2,2115,0,2,2,1,0,5,60,5.5,5.1,5,6,1
2015/16,Aaron Lennon,3,1538,5,1,1,0,0,5,80,6,5.4,6,7.5,1.5
2019/20,Aaron Mooy,3,2079,2,2,1,1,0,6,80,5,4.7,5,7,2
2008/09,Aaron Ramsey,3,230,0,1,1,0,0,0,13,5.5,4.7,5,5.5,0.5
2014/15,Aaron Ramsey,3,2007,6,6,6,0,0,10,116,9,8.8,8.5,5.5,-3
2017/18,Aaron Ramsey,3,1844,7,10,0,0,0,9,130,7,6.8,7.5,5,-2.5
2016/17,Aaron Wan-Bissaka,2,0,0,0,0,0,0,0,0,4.5,4.5,4.5,4,-0.5
2018/19,Aaron Wan-Bissaka,2,3134,0,3,4,1,0,12,120,4,4.6,5.5,5,-0.5
2016/17,Abdoulaye Doucoure,3,1352,1,0,4,0,0,4,38,5,4.6,5,6,1
2019/20,Abdoulaye Doucoure,3,3156,4,4,9,0,1,10,113,6,5.4,5.1,8.5,3.4000000000000004
2006/07,Adam Federici,1,113,0,0,0,0,0,0,2,3.5,3.5,4,7,3
2012/13,Adam Lallana,3,2230,3,5,2,0,0,4,93,6,5.6,6,4.5,-1.5
2013/14,Adam Lallana,3,3086,9,9,3,0,0,16,178,6,7.8,8.5,5.5,-3
2016/17,Adam Lallana,3,2338,8,7,3,0,0,9,139,7,6.7,7.5,4.5,-3
2017/18,Adam Lallana,3,234,0,0,1,0,0,1,13,7.5,7.3,7,4.5,-2.5
2015/16,Adam Matthews,2,37,0,0,0,0,0,0,1,4.5,4.2,4,8,4
2016/17,Adam Smith,2,3101,1,5,6,0,1,8,104,4.5,4.6,5,7,2
2015/16,Adama Traore,3,193,0,2,1,0,0,0,15,6,5.2,5,5.5,0.5
2019/20,Adama Traore,3,2599,4,9,1,0,0,7,130,5,5.6,6,4.5,-1.5
2017/18,Ademola Lookman,3,153,0,1,0,0,0,0,10,5.5,5.1,5.5,4.5,-1
2018/19,Ademola Lookman,3,600,0,3,0,0,0,1,34,5.5,4.9,5,4.5,-0.5
2012/13,Adnan Januzaj,3,0,0,0,0,0,0,0,0,4.5,4.5,5,5,0
2013/14,Adnan Januzaj,3,1645,4,5,7,0,0,7,82,5,4.5,6.5,4.5,-2
2014/15,Adnan Januzaj,3,856,0,1,0,0,0,2,31,6.5,6.1,5.5,4.5,-1
2012/13,Adrian Mariappa,2,2610,1,0,5,0,0,4,56,4,3.9,4,5,1
2013/14,Adrian Mariappa,2,2113,1,1,6,0,0,9,79,4,3.9,4.5,4.5,0
2015/16,Adrian Mariappa,2,255,0,0,0,0,0,0,3,4,3.7,4,4.5,0.5
2014/15,Adrian San Miguel del Castillo,1,3390,0,0,3,1,0,9,142,5,5.2,5,6.5,1.5
2017/18,Adrian San Miguel del Castillo,1,1710,0,0,2,0,0,6,72,4.5,4,4.5,5,0.5
2014/15,Adrian San Miguel del Castillo,1,3390,0,0,3,1,0,9,142,5,5.2,5,5.5,0.5
2017/18,Adrian San Miguel del Castillo,1,1710,0,0,2,0,0,6,72,4.5,4,4.5,6.5,2
2017/18,Adrien Silva,3,760,0,2,3,0,0,1,23,6,5.9,5,5.5,0.5
2011/12,Ahmed El Mohamady,2,785,1,1,0,0,0,2,37,5.5,4.5,5,4,-1
2018/19,Ainsley Maitland-Niles,2,983,1,1,1,1,0,2,34,4.5,4.4,5,4.5,-0.5
2016/17,Alberto Moreno,2,305,0,1,1,0,0,0,15,5,4.4,4.5,10.5,6
2017/18,Alberto Moreno,2,1264,0,1,1,0,0,6,52,4.5,4.3,4.5,4.5,0
2012/13,Aleksandar Kolarov,2,1056,1,3,5,0,0,4,55,6,5.5,5.5,6,0.5
2017/18,Alex Iwobi,3,1827,3,5,1,0,0,9,89,5.5,5.1,5.5,5.5,0
2018/19,Alex Iwobi,3,1961,3,8,0,0,0,4,99,5.5,5.4,6,5.5,-0.5
2019/20,Alex Iwobi,3,1591,1,0,0,0,0,4,52,6,5.6,5.9,4.5,-1.4000000000000004
2018/19,Alex McCarthy,1,2250,0,0,1,0,0,4,73,4.5,4.3,4.5,4.5,0
2011/12,Alex Oxlade-Chamberlain,3,562,2,1,0,0,0,3,40,6,4.8,7.5,5,-2.5
2013/14,Alex Oxlade-Chamberlain,3,529,2,3,0,0,0,2,41,7,6.1,6.5,4.5,-2
2019/20,Alex Oxlade-Chamberlain,3,1475,4,1,1,0,1,8,76,6.5,6.1,6.3,5,-1.2999999999999998
2015/16,Alex Pritchard,3,69,0,0,0,0,0,0,3,5,4.6,4.5,5,0.5
2015/16,Alexis Sanchez,3,2436,13,5,1,0,0,14,167,11,11.2,11,4.5,-6.5
2017/18,Alexis Sanchez,3,2546,9,10,5,0,0,11,152,12,11.4,10.5,6,-4.5
2018/19,Alexis Sanchez,3,869,1,5,3,0,0,2,47,10.5,10,7,6,-1
2016/17,Alfie Mawson,2,2430,4,0,1,0,2,7,94,4.5,4.6,5,4.5,-0.5
2018/19,Alfie Whiteman,1,0,0,0,0,0,0,0,0,4,4,4,7.5,3.5
2018/19,Alisson Ramses Becker,1,3420,0,0,1,0,0,21,176,5.5,5.9,6,6.5,0.5
2016/17,Allan-Romeo Nyom,2,2638,0,2,8,0,0,5,74,4.5,4.4,5,6.5,1.5
2015/16,Almen Abdi,3,1975,2,0,4,0,0,7,71,5,4.7,5,5.5,0.5
2014/15,Ander Herrera,3,1870,6,4,6,0,0,6,98,7.5,7.2,7,5,-2
2011/12,Anders Lindegaard,1,720,0,0,0,0,0,6,44,4.5,4,5.5,5,-0.5
2012/13,Anders Lindegaard,1,900,0,0,0,0,0,2,26,5.5,5.1,5,4.5,-0.5
2013/14,Anders Lindegaard,1,90,0,0,0,0,0,1,7,5,4.7,5,4.5,-0.5
2015/16,Andre Ayew,3,2927,12,5,5,0,0,8,171,7,6.6,7.5,4.5,-3
2014/15,Andre Green,3,0,0,0,0,0,0,0,0,4.5,4.5,4.5,5,0.5
2017/18,Andrew Robertson,2,1940,1,5,2,0,0,10,111,5,5,6,8,2
2015/16,Andrew Surman,3,3420,0,3,4,0,0,7,90,4.5,4.3,5,8.5,3.5
2017/18,Andrew Surman,3,1851,2,5,2,0,0,5,82,4.5,4.3,5,6,1
2018/19,Andriy Yarmolenko,3,456,2,1,2,0,0,1,27,7,6.7,6,6,0
2016/17,Andros Townsend,3,2520,3,7,4,0,0,7,116,6.5,5.7,6,5.5,-0.5
2019/20,Andros Townsend,3,1284,1,1,0,0,0,3,48,6,5.6,5.5,8.5,3
2007/08,Andy Carroll,4,141,0,1,0,0,0,0,6,4,3.8,5,7.5,2.5
2017/18,Andy Carroll,4,742,3,1,5,1,0,3,36,6,5.7,5.5,7.5,2
2018/19,Andy Carroll,4,454,0,0,2,0,0,0,12,5.5,5.4,5.5,5.5,0
2019/20,Andy Carroll,4,617,0,4,1,0,0,2,34,5.5,5.4,5.1,5.5,0.40000000000000036
2015/16,Andy King,3,1062,2,2,2,0,0,0,54,4.5,4.1,5,4.5,-0.5
2018/19,Angel Gomes,3,25,0,0,0,0,0,0,2,5,5,5,6,1
2011/12,Angel Rangel,2,2869,0,4,3,0,0,11,103,4.5,4.4,5,4.5,-0.5
2016/17,Angelo Ogbonna,2,1755,0,0,2,0,0,4,45,5,4.7,4.5,4.5,0
2018/19,Anthony Knockaert,3,1828,2,6,4,1,0,3,74,5.5,5.2,5.5,4.5,-1
2016/17,Anthony Martial,4,1553,4,6,2,0,0,9,95,9.5,9.2,8,5,-3
2017/18,Antonio Rudiger,2,2336,2,1,4,0,0,12,115,6,5.8,6,5,-1
2019/20,Antonio Rudiger,2,1710,2,0,3,0,1,5,63,6,5.9,4.7,5,0.2999999999999998
2009/10,Antonio Valencia,2,2613,5,9,3,0,0,0,144,8.5,8.4,8.5,5,-3.5
2013/14,Antonio Valencia,2,1947,2,3,6,1,0,9,72,7.5,7,6,9,3
2015/16,Antonio Valencia,2,857,0,3,1,0,0,5,59,5.5,5.1,5.5,8.5,3
2019/20,Ashley Barnes,4,1350,6,0,4,0,0,8,61,6.5,6.1,6,5,-1
2012/13,Ashley Westwood,3,2455,0,7,2,0,1,4,83,5,4.9,5.5,4,-1.5
2013/14,Ashley Westwood,3,3078,3,2,7,0,0,9,100,5.5,4.9,5,5.5,0.5
2015/16,Ashley Westwood,3,2717,2,2,6,0,0,5,83,4.5,4.2,4.5,5,0.5
2018/19,Ashley Westwood,3,2821,2,8,5,0,0,7,111,4.5,4.6,5.5,4.5,-1
2013/14,Ashley Williams,2,3039,1,1,5,0,0,8,101,5,4.7,5,7,2
2014/15,Ashley Williams,2,3330,0,0,6,0,0,13,118,5,5.4,5,5.5,0.5
2016/17,Ashley Williams,2,3160,1,3,7,1,0,13,127,5,5.2,5.5,6,0.5
2017/18,Ashley Williams,2,1830,1,0,3,1,0,5,56,5.5,5.2,4.5,6,1.5
2006/07,Ashley Young,2,2780,5,6,3,0,0,0,134,6,6.2,7,5.5,-1.5
2009/10,Asmir Begovic,1,1062,0,0,0,0,0,0,41,4,4,4.5,5,0.5
2012/13,Asmir Begovic,1,3420,0,0,3,0,0,12,144,4.5,5.6,5.5,5.5,0
2014/15,Asmir Begovic,1,3150,0,0,3,0,0,7,106,5,4.8,5,6.5,1.5
2015/16,Asmir Begovic,1,1399,0,0,0,0,0,4,55,5,4.6,5,9,4
2018/19,Asmir Begovic,1,2160,0,0,0,0,0,5,63,4.5,4.3,4.5,5,0.5
2019/20,Aymeric Laporte,2,1096,1,0,1,0,0,8,63,6.5,6.3,6,5,-1
2018/19,Ayoze Perez,3,2916,12,2,2,0,0,11,141,6.5,6.1,6.5,4.5,-2
2013/14,Bacary Sagna,2,3061,1,3,6,0,0,15,133,5.5,5.3,5.5,5,-0.5
2014/15,Bacary Sagna,2,741,0,0,1,0,0,2,22,5.5,5.1,5,4.5,-0.5
2015/16,Bacary Sagna,2,2448,0,3,4,0,0,12,116,5,5.5,5.5,5,-0.5
2015/16,Baily Cargill,2,0,0,0,0,0,0,0,0,4,3.9,4,4.5,0.5
2016/17,Bamidele Alli,3,3036,18,11,4,0,0,17,225,8.5,9.1,9.5,4.5,-5
2018/19,Bamidele Alli,3,1822,5,4,4,0,0,8,94,9,8.8,8.5,4.5,-4
2015/16,Bastian Schweinsteiger,3,1202,1,1,3,0,0,6,43,7,6.6,5.5,5,-0.5
2014/15,Ben Davies,2,895,0,1,3,0,0,2,31,5,4.4,4.5,5.5,1
2017/18,Ben Davies,2,2323,2,7,3,0,0,12,143,5.5,5.8,6,6,0
2019/20,Ben Davies,2,1430,0,0,6,0,0,4,41,5.5,5.3,4.5,4.5,0
2006/07,Ben Foster,1,2565,0,0,0,0,0,0,109,5,5,5,5.5,0.5
2015/16,Ben Foster,1,1350,0,0,1,0,0,4,56,5,4.9,4.5,7.5,3
2018/19,Ben Foster,1,3420,0,0,1,0,0,7,129,4.5,4.6,5,4.5,-0.5
2016/17,Ben Hamer,1,0,0,0,0,0,0,0,0,4.5,4.3,4.5,4,-0.5
2016/17,Ben Mee,2,3015,1,2,5,0,2,9,94,4.5,4.4,4.5,4,-0.5
2019/20,Ben Mee,2,2880,1,2,7,0,0,13,110,5,4.9,4.7,7,2.3
2008/09,Ben Watson,3,654,2,0,1,0,0,0,32,5.5,5.5,5,7.5,2.5
2010/11,Ben Watson,3,2124,3,2,3,0,0,3,85,4.5,4.2,5.5,4.5,-1
2018/19,Benjamin Chilwell,2,3240,0,5,4,0,0,10,118,5,5,5.5,4.5,-1
2017/18,Benjamin Mendy,2,360,0,1,2,0,0,2,20,6.5,6.3,6,4.5,-1.5
2018/19,Benjamin Mendy,2,900,0,6,1,0,0,4,59,6,6.1,6,4.5,-1.5
2018/19,Beram Kayal,3,935,1,1,4,0,0,4,36,4.5,4.4,4.5,4.5,0
2018/19,Bernard Anicio Caldeira Duarte,3,2108,1,4,5,0,0,13,88,6,5.9,6.5,4.5,-2
2019/20,Bernard Anicio Caldeira Duarte,3,1269,3,2,2,0,0,9,72,6.5,6.4,5.7,4.5,-1.2000000000000002
2017/18,Bernardo Mota Veiga de Carvalho e Silva,3,1514,6,5,0,0,0,9,112,8,7.2,7.5,5,-2.5
2019/20,Bernd Leno,1,2649,0,0,2,0,0,7,114,5,4.8,5,7,2
2015/16,Bertrand Traore,3,375,2,1,0,0,0,2,28,5.5,5.4,5.5,5,-0.5
2011/12,Billy Jones,2,1607,0,1,4,0,1,6,48,4.5,4.4,4.5,5,0.5
2013/14,Billy Sharp,4,0,0,0,0,0,0,0,0,4.5,4.3,4.5,4.5,0
2013/14,Boaz Myhill,1,1260,0,0,0,0,0,3,43,4.5,4.3,4,5,1
2016/17,Boaz Myhill,1,0,0,0,0,0,0,0,0,4.5,4.1,4,4.5,0.5
2014/15,Bojan Krkic,3,1203,4,1,2,0,0,3,59,5.5,4.9,5.5,5,-0.5
2014/15,Bradley Smith,2,0,0,0,0,0,0,0,0,4,4,4,4.5,0.5
2015/16,Bradley Smith,2,285,0,0,1,1,0,0,2,4,4,4,7,3
2016/17,Bradley Smith,2,269,0,0,1,0,0,0,4,4,3.9,4,5.5,1.5
2011/12,Branislav Ivanovic,2,2265,3,1,6,0,0,4,80,7,6.6,6.5,5.5,-1
2013/14,Branislav Ivanovic,2,3179,3,1,8,0,0,16,159,6.5,6.7,7,6,-1
2011/12,Brian Murphy,1,0,0,0,0,0,0,0,0,4,4,4,6,2
2014/15,Bryan Oviedo,3,320,0,0,3,0,0,1,9,5,4.7,4.5,5.5,1
2015/16,Bryan Oviedo,3,996,0,1,0,0,0,3,32,4.5,4.2,4.5,6,1.5
2017/18,Callum Hudson-Odoi,3,27,0,0,0,0,0,0,2,4.5,4.5,4.5,6.5,2
2009/10,Callum McManaman,3,0,0,0,0,0,0,0,0,4.5,4.2,4.5,10.5,6
2010/11,Callum McManaman,3,14,0,0,0,0,0,0,3,4.5,4.5,4.5,6.5,2
2013/14,Callum Robinson,4,50,0,0,0,0,0,0,4,4.5,4.5,4.5,5.5,1
2015/16,Callum Wilson,4,771,5,0,0,0,0,1,46,5.5,5.3,6.5,4.5,-2
2016/17,Callum Wilson,4,1361,6,1,0,0,0,6,63,6.5,6,6,5.5,-0.5
2017/18,Callum Wilson,4,1981,8,2,0,0,0,6,102,6,5.6,6,5,-1
2012/13,Calum Chambers,2,0,0,0,0,0,0,0,0,4.5,4.5,4,5.5,1.5
2013/14,Calum Chambers,2,1641,0,0,0,0,0,4,49,4,3.9,4.5,5.5,1
2018/19,Calum Chambers,2,2586,2,0,9,0,0,5,60,4.5,4.2,4.5,5.5,1
2019/20,Calum Chambers,2,1102,1,1,5,0,0,3,42,4.5,4.3,4.5,5.5,1
2018/19,Carl Jenkinson,2,165,0,0,0,0,0,0,4,4.5,4.5,4.5,8,3.5
2018/19,Cedric Soares,2,1493,1,2,4,0,0,4,52,4.5,4.2,5,7,2
2016/17,Cedric Soares,2,2515,0,3,7,0,0,11,102,5,4.9,5,9,4
2019/20,Cedric Soares,2,1553,1,1,1,0,0,4,61,5,4.8,4.6,9,4.4
2013/14,Cesar Azpilicueta,2,2325,0,1,1,0,0,13,109,6,5.7,6,4.5,-1.5
2019/20,Cesar Azpilicueta,2,3229,2,6,1,0,0,8,130,6,6.1,5.8,5,-0.7999999999999998
2007/08,Cesc Fabregas,3,2857,7,20,9,0,0,0,205,9.5,10,10,4.5,-5.5
2009/10,Cesc Fabregas,3,2188,15,15,5,0,0,0,214,10.5,11.7,12,4.5,-7.5
2017/18,Chancel Mbemba,2,670,0,0,0,0,0,1,20,4,3.9,4,4.5,0.5
2013/14,Charlie Adam,3,1755,8,4,6,0,0,7,109,6,5.4,6,5,-1
2014/15,Charlie Adam,3,1511,7,3,5,0,0,5,97,6,5.4,6,4.5,-1.5
2015/16,Charlie Austin,4,211,1,0,0,0,0,0,15,7,6.3,6.5,4.5,-2
2017/18,Charlie Austin,4,1024,7,1,2,0,0,4,72,6.5,5.8,6,4.5,-1.5
2018/19,Charlie Austin,4,970,2,2,1,0,0,5,46,6,5.5,6,5.5,-0.5
2016/17,Charlie Daniels,2,3060,4,3,1,0,0,10,134,5,5.2,5,5.5,0.5
2018/19,Charlie Taylor,2,3240,0,1,2,0,0,7,82,4.5,4.4,4.5,5.5,1
2018/19,Cheikhou Kouyate,3,1889,0,3,3,0,0,9,67,5,4.7,5,5,0
2017/18,Cheikhou Kouyate,3,2798,2,3,5,0,0,7,86,5,5,5,4.5,-0.5
2019/20,Cheikhou Kouyate,3,2524,1,2,4,0,0,10,85,5,4.8,4.8,5,0.20000000000000018
2008/09,Chris Basham,2,471,1,0,0,0,0,0,20,4,4,4,4.5,0.5
2016/17,Chris Brunt,3,2477,3,4,5,0,0,4,99,5,4.8,5.5,5,-0.5
2009/10,Chris Smalling,2,868,0,0,0,0,2,0,16,4,4,5,4.5,-0.5
2012/13,Chris Smalling,2,1020,0,0,1,0,0,6,47,5.5,4.5,5.5,5,-0.5
2016/17,Chris Smalling,2,1217,1,1,0,0,0,4,52,6,5.8,5.5,4,-1.5
2019/20,Chris Smalling,2,0,0,0,0,0,0,0,0,5.5,5.2,4.9,4.5,-0.40000000000000036
2019/20,Chris Wood,4,2436,14,1,1,0,1,11,136,6.5,6.2,6.6,5,-1.5999999999999996
2012/13,Christian Benteke,4,2818,19,4,7,1,0,5,166,6.5,7.4,9,4.5,-4.5
2013/14,Christian Benteke,4,2126,10,2,4,0,0,6,103,9,8.7,8,4.5,-3.5
2014/15,Christian Benteke,4,2378,13,2,1,1,0,7,127,8,8,8.5,5,-3.5
2019/20,Christian Benteke,4,1252,2,1,4,1,0,5,42,6,5.7,5.5,4.5,-1
2013/14,Christian Eriksen,3,1976,7,9,3,0,0,6,132,8,7.2,8,4.5,-3.5
2015/16,Christian Fuchs,2,2711,0,4,4,0,0,15,150,5,5.2,5.5,4,-1.5
2017/18,Christian Kabasele,2,2329,2,0,5,0,1,6,68,4.5,4.4,4.5,5.5,1
2014/15,Chuba Akpom,4,30,0,1,0,0,0,0,6,5,4.8,5,5,0
2015/16,Chung-yong Lee,3,390,1,0,0,0,0,0,22,4.5,4.2,4.5,6,1.5
2017/18,Ciaran Clark,2,1745,2,1,3,0,0,4,64,4.5,4.3,4.5,5.5,1
2014/15,Claudio Yacob,3,1392,0,0,5,1,0,9,35,4.5,4.4,4.5,7,2.5
2015/16,Connor Randall,2,163,0,0,0,0,0,0,4,4,4,4,6,2
2012/13,Connor Wickham,4,443,0,0,0,0,0,1,15,5.5,5,5,6.5,1.5
2017/18,Connor Wickham,4,0,0,0,0,0,0,0,0,5.5,5.4,5,6,1
2012/13,Conor Coady,2,3,0,0,0,0,0,0,1,4,4,4,6.5,2.5
2013/14,Conor Coady,2,0,0,0,0,0,0,0,0,4,3.9,4,4.5,0.5
2018/19,Conor Coventry,3,0,0,0,0,0,0,0,0,4.5,4.5,4.5,5.5,1
2011/12,Costel Pantilimon,1,0,0,0,0,0,0,0,0,5,5,5,4.5,-0.5
2012/13,Costel Pantilimon,1,0,0,0,0,0,0,0,0,5,4.4,5,4,-1
2014/15,Costel Pantilimon,1,2520,0,0,2,0,0,11,123,4.5,4.5,5,4.5,-0.5
2016/17,Costel Pantilimon,1,83,0,0,0,0,0,0,2,4.5,4.2,4.5,4.5,0
2006/07,Craig Cathcart,2,0,0,0,0,0,0,0,0,5.5,5.4,4.5,7,2.5
2012/13,Craig Dawson,2,90,0,0,0,0,0,0,2,4,3.8,4,6.5,2.5
2013/14,Craig Dawson,2,950,0,2,1,0,0,1,28,4,3.9,4.5,5.5,1
2014/15,Craig Dawson,2,2590,2,0,6,0,0,12,99,4.5,4.5,5,6.5,1.5
2015/16,Craig Dawson,2,3384,4,0,3,0,1,10,124,5,5,5,5,0
2016/17,Craig Dawson,2,3276,4,0,10,0,0,6,102,5,4.9,5,5,0
2009/10,Craig Gardner,3,903,1,2,4,0,0,0,31,4.5,4.2,5,4.5,-0.5
2012/13,Craig Gardner,3,2828,6,2,10,1,0,9,104,5,4.9,5.5,4.5,-1
2014/15,Cristian Gamboa,2,242,0,1,1,0,0,0,12,4.5,4.1,4,5,1
2015/16,Cuco Martina,2,1085,1,1,1,0,0,1,36,4.5,4.1,4.5,5.5,1
2013/14,Curtis Davies,2,3325,2,1,6,0,0,10,115,4.5,4.8,5,6,1
2017/18,Curtis Jones,3,0,0,0,0,0,0,0,0,4.5,4.5,4.5,6,1.5
2014/15,Daley Blind,2,2170,2,3,4,0,0,7,82,5.5,4.9,5.5,6,0.5
2016/17,Daley Blind,2,1830,1,2,2,0,0,9,98,5.5,5.2,5.5,6,0.5
2010/11,Dan Gosling,3,1,0,0,0,0,0,0,1,4.5,4.3,5,6,1
2018/19,Daniel Amartey,2,639,0,0,2,0,0,1,15,4.5,4.3,4.5,5.5,1
2012/13,Daniel Ayala,2,0,0,0,0,0,0,0,0,4,4,4,9,5
2019/20,Daniel James,3,2281,3,6,4,0,0,7,95,6,5.7,6.2,5.5,-0.7000000000000002
2007/08,Daniel Sturridge,4,150,1,1,0,0,0,0,11,5,4.7,5,5,0
2011/12,Daniel Sturridge,4,2251,11,5,3,0,0,10,128,6.5,6.5,8,5,-3
2014/15,Daniel Sturridge,4,752,4,3,0,0,0,3,46,11.5,11.1,10.5,5,-5.5
2015/16,Daniel Sturridge,4,979,8,2,0,0,0,1,70,10.5,10,10,4.5,-5.5
2014/15,Danny Ings,4,3025,11,4,6,0,0,8,139,6,5.5,7.5,5,-2.5
2010/11,Danny Rose,2,351,0,2,0,0,0,1,17,4.5,4.4,5,4.5,-0.5
2016/17,Danny Rose,2,1530,2,3,8,0,0,8,84,6,5.8,6.5,4.5,-2
2007/08,Danny Simpson,2,130,0,1,0,0,0,0,11,4.5,4.3,4.5,4.5,0
2017/18,Danny Simpson,2,2306,0,0,4,0,0,5,55,4.5,4.3,4.5,5,0.5
2010/11,Danny Welbeck,4,1756,6,1,2,0,0,9,79,5.5,4.4,7,5,-2
2019/20,Danny Welbeck,4,813,2,1,0,0,0,1,39,6,5.8,5.5,5,-0.5
2008/09,Darren Fletcher,3,2052,3,0,4,0,0,0,83,5.5,5.1,5.5,6,0.5
2012/13,Darren Fletcher,3,181,1,0,0,0,0,0,12,5.5,5.4,5,9,4
2015/16,Darren Fletcher,3,3375,1,3,3,0,0,11,103,4.5,4.3,4.5,4.5,0
2007/08,Darron Gibson,3,0,0,0,0,0,0,0,0,4.5,4.3,5,6.5,1.5
2009/10,Darron Gibson,3,595,2,3,2,0,0,0,40,5,4.6,5.5,5.5,0
2010/11,Darron Gibson,3,657,0,1,3,0,0,3,21,5.5,4.9,5.5,5.5,0
2011/12,Darron Gibson,3,1015,1,2,3,0,0,5,39,5.5,5.1,5,5,0
2014/15,Darron Gibson,3,416,0,0,0,0,0,1,14,4.5,4.2,4.5,5.5,1
2016/17,Daryl Janmaat,2,1614,2,1,2,0,0,2,50,5,4.5,5,6,1
2017/18,Daryl Janmaat,2,1818,3,1,3,0,0,2,59,5,4.8,5,5.5,0.5
2018/19,Daryl Janmaat,2,1520,0,2,3,0,0,3,50,5,4.9,4.5,6,1.5
2019/20,David Button,1,0,0,0,0,0,0,0,0,4,3.9,3.9,5,1.1
2011/12,David de Gea,1,2610,0,0,0,0,0,13,134,6.5,6.2,6,5,-1
2012/13,David de Gea,1,2520,0,0,0,0,0,11,114,6,5.8,6,4.5,-1.5
2014/15,David de Gea,1,3313,0,0,0,0,0,11,138,5.5,5.8,5.5,5,-0.5
2016/17,David de Gea,1,3150,0,0,2,0,0,14,136,5.5,5.5,5.5,5,-0.5
2019/20,David de Gea,1,3420,0,0,2,0,0,13,143,5.5,5.3,5.3,4.5,-0.7999999999999998
2013/14,David De Gea,1,3330,0,0,1,0,0,12,128,6,5.9,5.5,4,-1.5
2014/15,David De Gea,1,3313,0,0,0,0,0,11,138,5.5,5.8,5.5,4.5,-1
2011/12,David Junior Hoilett,3,2948,7,6,5,0,0,3,119,6,5.2,6.5,5,-1.5
2010/11,David Luiz Moreira Marinho,2,953,2,0,3,0,0,4,56,6,6.5,6.5,5.5,-1
2011/12,David Luiz Moreira Marinho,2,1651,2,2,5,0,0,5,68,6.5,6.2,6.5,5,-1.5
2016/17,David Luiz Moreira Marinho,2,2954,1,1,6,0,0,15,132,6,6.2,6,4.5,-1.5
2019/20,David Luiz Moreira Marinho,2,2809,2,1,5,2,0,8,94,6,5.7,5.4,5.5,0.09999999999999964
2019/20,David Martin,1,435,0,0,1,0,0,2,20,4,3.9,3.9,5.5,1.6
2010/11,David Meyler,3,259,0,0,2,0,0,1,5,4.5,4.5,4.5,7,2.5
2013/14,David Meyler,3,2129,2,1,8,0,0,5,64,4.5,4.2,5,6.5,1.5
2007/08,David Nugent,4,625,0,1,0,0,0,0,23,7,6.1,5.5,5,-0.5
2014/15,David Nugent,4,1711,5,2,3,0,0,3,70,5.5,4.9,5.5,4.5,-1
2016/17,David Ospina,1,143,0,0,0,0,0,0,2,5,4.7,5,4.5,-0.5
2017/18,Davide Zappacosta,2,1087,1,1,0,0,0,5,58,6,5.9,5.5,4,-1.5
2017/18,Davinson Sanchez,2,2532,0,0,1,1,1,13,107,6,6,6,4,-2
2018/19,Davinson Sanchez,2,1941,1,2,2,0,0,6,78,6,5.8,5.5,4,-1.5
2019/20,Davinson Sanchez,2,2431,0,2,6,0,0,4,64,5.5,5.3,5.2,4.5,-0.7000000000000002
2017/18,Davy Propper,3,3118,0,4,2,1,0,9,87,5.5,5.3,5,5.5,0.5
2008/09,Dean Marney,3,2390,0,5,5,1,0,0,75,4.5,4.4,4.5,5,0.5
2007/08,Dean Whitehead,3,2397,1,2,8,0,0,0,62,5,4.5,5,5,0
2010/11,Dean Whitehead,3,2902,2,2,6,0,0,8,93,4.5,4.3,5,5,0
2013/14,Dejan Lovren,2,2787,2,1,7,0,0,12,124,5,5.4,5.5,5.5,0
2019/20,Demarai Gray,3,605,2,4,1,0,0,1,44,5.5,5,5.1,5,-0.09999999999999964
2015/16,Diafra Sakho,4,1520,5,4,3,0,0,4,71,6.5,6.2,6,6,0
2016/17,Diafra Sakho,4,181,1,0,0,0,0,0,12,6,5.7,5.5,4.5,-1
2015/16,Dimitri Payet,3,2570,9,13,3,0,0,7,171,7.5,8.6,9.5,4.5,-5
2014/15,Dionatan do Nascimento Teixeira,2,5,0,0,0,0,0,0,1,4.5,4.2,4.5,5,0.5
2016/17,Divock Origi,4,1469,7,4,0,0,0,7,96,7,6,7.5,5,-2.5
2019/20,Divock Origi,4,699,4,3,1,0,0,2,65,5.5,5.1,5.1,7,1.9000000000000004
2016/17,Dominic Calvert-Lewin,4,347,1,0,1,0,0,0,17,4.5,4.5,5,5,0
2017/18,Dominic Calvert-Lewin,4,1871,4,8,4,0,0,6,88,5,4.9,5.5,4.5,-1
2016/17,Dominic Solanke,4,0,0,0,0,0,0,0,0,5,5,5,4,-1
2015/16,Donald Love,2,54,0,0,0,0,0,0,1,4.5,4.4,4,5,1
2013/14,Dwight Gayle,4,892,7,0,1,0,0,1,69,5,4.8,5.5,5,-0.5
2018/19,Dwight McNeil,3,1590,3,4,2,0,0,5,75,4.5,4.4,6,5.5,-0.5
2013/14,Eden Hazard,3,2890,14,10,2,0,0,14,202,9.5,10.4,10,5,-5
2015/16,Eden Hazard,3,2193,5,4,2,0,0,5,104,11.5,10.9,10,5.5,-4.5
2016/17,Eden Hazard,3,2985,16,9,3,0,0,17,224,10,10.5,10.5,4.5,-6
2016/17,Eldin Jakupovic,1,1980,0,0,0,0,0,5,86,4,4.1,4.5,4.5,0
2018/19,Eldin Jakupovic,1,0,0,0,0,0,0,0,0,4.5,4.3,4.5,5,0.5
2014/15,Eliaquim Mangala,2,2188,0,2,3,1,1,12,95,6,6,5.5,10,4.5
2016/17,Emerson Hyndman,3,0,0,0,0,0,0,0,0,4.5,4.4,4.5,9,4.5
2019/20,Emile Smith Rowe,3,96,0,0,0,0,0,1,4,4.5,4.3,4.2,6.5,2.3
2017/18,Emiliano Martinez,1,0,0,0,0,0,0,0,0,4,4,4,5.5,1.5
2018/19,Emiliano Martinez,1,0,0,0,0,0,0,0,0,4,4,4.5,6,1.5
2019/20,Emiliano Martinez,1,770,0,0,2,0,0,3,33,4.5,4.4,5.3,6,0.7000000000000002
2015/16,Emre Can,3,2491,1,1,9,0,0,7,65,5.5,5.2,5,4.5,-0.5
2015/16,Enner Valencia,4,1009,4,2,1,0,0,2,56,6,5.4,5.5,5.5,0
2015/16,Eric Dier,2,3263,3,2,10,0,0,12,130,5,5.4,5.5,7,1.5
2018/19,Eric Dier,2,1504,3,0,4,0,0,5,56,5,4.7,5,9.5,4.5
2014/15,Erik Lamela,3,2300,2,7,6,0,0,6,93,8,7.4,7,9,2
2016/17,Erik Lamela,3,595,1,1,1,0,0,4,28,7,6.6,6.5,5,-1.5
2017/18,Erik Lamela,3,826,2,4,4,0,0,4,55,6.5,6.3,6.5,6,-0.5
2018/19,Erik Lamela,3,965,4,4,2,0,0,4,67,6.5,5.9,6,4.5,-1.5
2019/20,Erik Lamela,3,1203,2,5,3,0,0,5,65,6,5.7,5.7,5.5,-0.20000000000000018
2016/17,Erik Pieters,2,3151,0,2,5,0,0,10,103,4.5,4.6,5,5,0
2018/19,Ethan Ampadu,2,0,0,0,0,0,0,0,0,4.5,4.4,4.5,4.5,0
2018/19,Etienne Capoue,3,2944,1,3,14,1,0,8,79,5,4.8,5,4.5,-0.5
2013/14,Ezekiel Fryers,2,401,0,0,0,0,0,2,16,4,4,4.5,5.5,1
2009/10,Fabian Delph,3,291,0,0,3,0,0,0,8,6,5,5,6,1
2011/12,Fabian Delph,3,848,0,0,3,0,0,4,22,5.5,5,5,5.5,0.5
2015/16,Fabian Delph,3,753,2,0,0,0,0,1,37,5.5,5.4,5,6.5,1.5
2015/16,Fabio Borini,4,1890,5,3,6,0,0,5,77,5.5,5.4,5.5,5,-0.5
2018/19,Federico Fernandez,2,1482,0,2,2,0,0,3,47,4.5,4.4,4.5,5,0.5
2019/20,Felipe Anderson Pereira Gomes,3,1493,1,4,1,0,0,7,66,7,6.6,6.1,8,1.9000000000000004
2017/18,Fernando Llorente,4,224,1,0,1,0,0,1,22,7.5,7.3,6,8,2
2017/18,Fernando Luiz Rosa,2,2880,5,4,7,0,0,15,120,5,5,5.5,7.5,2
2018/19,Filip Benkovic,2,0,0,0,0,0,0,0,0,5,5,4,4.5,0.5
2018/19,Florin Andone,4,866,3,0,5,0,0,2,38,5,5,5,5.5,0.5
2015/16,Florin Gardos,2,0,0,0,0,0,0,0,0,4.5,4.4,4,4,0
2008/09,Fraizer Campbell,4,361,1,1,2,0,0,0,18,5.5,4.7,6,4.5,-1.5
2008/09,Francis Coquelin,3,0,0,0,0,0,0,0,0,4.5,4.7,4.5,4.5,0
2015/16,Francis Coquelin,3,1643,0,0,5,1,0,9,46,4.5,4.2,4.5,8,3.5
2015/16,Franck Tabanou,2,0,0,0,0,0,0,0,0,5,4.4,4.5,8,3.5
2015/16,Fraser Forster,1,1620,0,0,0,0,0,6,68,5,4.9,5,7,2
2016/17,Fraser Forster,1,3420,0,0,3,0,0,14,134,5,5,5,4.5,-0.5
2018/19,Fraser Forster,1,90,0,0,0,0,0,0,2,4.5,4.2,4.5,4.5,0
2018/19,Frederico Rodrigues de Paula Santos,3,1039,1,2,2,0,0,1,40,6,5.3,5.5,4.5,-1
2019/20,Gabriel Fernando de Jesus,4,2018,14,8,3,0,0,12,146,9.5,9.9,9.1,5,-4.1
2012/13,Gael Clichy,2,2335,0,3,3,0,0,12,111,6,5.8,6,5,-1
2013/14,Gael Clichy,2,1662,0,0,1,0,0,8,67,6,5.8,5.5,8.5,3
2015/16,Gael Clichy,2,1087,0,1,0,0,0,5,55,5.5,5.1,5.5,13,7.5
2014/15,Gareth Barry,3,2822,0,2,10,1,0,9,66,5,4.7,4.5,10.5,6
2015/16,Gareth Barry,3,2837,0,2,5,1,0,10,76,4.5,4.2,4.5,5,0.5
2015/16,Gareth McAuley,2,3060,1,0,4,1,1,10,97,5,4.9,4.5,4.5,0
2012/13,Gary Cahill,2,2219,2,3,1,0,0,6,94,6.5,6,6,5,-1
2016/17,Gary Cahill,2,3296,6,0,5,0,1,17,178,6,6.7,6.5,5.5,-1
2019/20,Gary Cahill,2,2167,0,1,1,0,0,7,70,4.5,4.3,4.5,4.5,0
2015/16,Geoff Cameron,2,2358,0,0,0,1,0,6,63,4.5,4.2,4.5,5,0.5
2016/17,Geoff Cameron,2,1629,0,1,1,0,0,6,58,4.5,4.2,4.5,7.5,3
2015/16,George Honeyman,3,39,0,0,0,0,0,0,1,4.5,4.5,4.5,8.5,4
2017/18,Georginio Wijnaldum,3,2381,1,2,1,0,0,15,85,7,6.6,5.5,9,3.5
2006/07,Glen Johnson,2,2258,0,2,4,0,0,0,92,5,4.8,6,10.5,4.5
2009/10,Glen Johnson,2,2137,3,5,1,0,1,0,124,7.5,7.7,7.5,5,-2.5
2013/14,Glenn Murray,4,402,1,2,1,0,0,1,26,5.5,5.2,5.5,5.5,0
2014/15,Glenn Murray,4,868,7,5,3,1,0,1,70,5.5,4.5,6,4.5,-1.5
2018/19,Glenn Murray,4,2501,13,1,5,0,0,4,129,6.5,6.1,6,4.5,-1.5
2008/09,Glenn Whelan,3,1985,1,2,4,0,0,0,67,4.5,4.4,5,5.5,0.5
2010/11,Gnegneri Yaya Toure,3,2966,6,6,3,0,0,18,146,5.5,6.3,8,5.5,-2.5
2015/16,Gnegneri Yaya Toure,3,2326,7,4,3,0,0,13,129,8.5,8.5,8,5.5,-2.5
2015/16,Gokhan Inler,3,194,0,0,0,0,0,1,8,5,4.3,4.5,5,0.5
2010/11,Grant Hanley,2,444,1,0,1,0,1,0,9,4,3.9,4,5,1
2006/07,Greg Halford,2,181,0,0,0,0,0,0,4,4.5,4.5,4.5,5,0.5
2013/14,Gylfi Sigurdsson,3,1276,5,0,2,0,0,6,72,7,6.2,6,4.5,-1.5
2017/18,Gylfi Sigurdsson,3,2257,4,4,2,0,0,6,96,8.5,8,7.5,5.5,-2
2018/19,Gylfi Sigurdsson,3,3122,13,6,3,0,0,15,182,7.5,7.4,8,5,-3
2016/17,Harry Arter,3,2956,1,4,11,1,0,9,84,5,5,5,5,0
2012/13,Harry Kane,4,141,0,0,0,0,0,0,5,4.5,4.3,4.5,4.5,0
2014/15,Harry Kane,4,2581,21,7,4,0,1,6,191,5,6,9.5,5.5,-4
2016/17,Harry Kane,4,2523,29,7,3,0,0,14,224,11,11.9,12.5,5,-7.5
2019/20,Harry Kane,4,2588,18,2,4,0,0,6,158,11,11,11.9,4.5,-7.4
2016/17,Harry Maguire,2,2307,2,3,5,0,0,4,71,4.5,4.4,5,4.5,-0.5
2013/14,Harry Winks,3,0,0,0,0,0,0,0,0,4.5,4.5,4.5,5,0.5
2017/18,Harry Winks,3,768,0,1,0,0,0,4,31,5,4.8,5.5,4.5,-1
2019/20,Harvey Barnes,3,2075,6,10,0,0,0,9,133,6,5.8,6.6,4.5,-2.0999999999999996
2015/16,Hector Bellerin,2,3240,1,6,3,0,0,18,172,5.5,6.5,6.5,6.5,0
2009/10,Henri Lansbury,3,14,0,0,0,0,0,0,1,4.5,4.5,5,4.5,-0.5
2018/19,Henrikh Mkhitaryan,3,1637,6,4,1,0,0,3,98,7,6.6,7,4.5,-2.5
2015/16,Heung-Min Son,3,1107,4,1,0,0,0,6,70,8,7.5,7.5,5,-2.5
2017/18,Heung-Min Son,3,2292,12,8,0,0,0,14,178,8,8.3,8.5,4,-4.5
2009/10,Heurelho da Silva Gomes,1,2715,0,0,2,0,0,0,148,5,5.1,5.5,5,-0.5
2012/13,Heurelho da Silva Gomes,1,0,0,0,0,0,0,0,0,5,4.8,4.5,5,0.5
2015/16,Heurelho da Silva Gomes,1,3396,0,0,4,0,0,11,157,4.5,5.1,5,6,1
2010/11,Heurelho Gomes,1,2700,0,0,4,0,0,7,108,5.5,5.2,5.5,4.5,-1
2011/12,Heurelho Gomes,1,0,0,0,0,0,0,0,0,5.5,5.1,5,4.5,-0.5
2015/16,Heurelho Gomes,1,3396,0,0,4,0,0,11,157,4.5,5.1,5,4.5,-0.5
2014/15,Hiram Boateng,3,0,0,0,0,0,0,0,0,4.5,4.3,4.5,4.5,0
2015/16,Hiram Boateng,3,19,0,0,0,0,0,0,1,4.5,4.5,4.5,4.5,0
2015/16,Hugo Lloris,1,3330,0,0,0,0,0,13,140,5,5.4,5.5,5,-0.5
2016/17,Idrissa Gueye,3,2681,1,2,11,0,0,9,80,5,5,5,5,0
2016/17,Ilkay Gundogan,3,704,3,1,0,0,0,3,41,5.5,4.9,5.5,4.5,-1
2016/17,Ilkay Gundogan,3,704,3,1,0,0,0,3,41,5.5,4.9,5.5,5,-0.5
2019/20,Ivan Ricardo Neves Abreu Cavaleiro,3,0,0,0,0,0,0,0,0,5,4.9,5.3,5,-0.2999999999999998
2009/10,Jack Colback,3,17,0,0,0,1,0,0,-2,4.5,4.5,4.5,5,0.5
2018/19,Jack Cork,3,3312,1,2,6,0,0,8,87,5,4.6,5,5.5,0.5
2014/15,Jack Grealish,3,822,0,1,0,0,0,2,31,4.5,4.3,5.5,5,-0.5
2009/10,Jack Rodwell,3,1623,2,2,4,0,0,0,60,4.5,4.3,5.5,5,-0.5
2010/11,Jack Rodwell,3,1420,0,1,4,0,0,3,41,5.5,5,5.5,5,-0.5
2012/13,Jack Rodwell,3,498,2,0,2,0,0,1,27,5,4.6,5.5,4.5,-1
2013/14,Jack Rodwell,3,112,0,0,0,0,0,1,7,5.5,5,5,4.5,-0.5
2014/15,Jack Rodwell,3,1483,3,0,5,0,0,2,55,5,4.7,5,6.5,1.5
2011/12,Jack Wilshere,3,0,0,0,0,0,0,0,0,6.5,6.2,6.5,7.5,1
2014/15,Jack Wilshere,3,729,2,1,4,0,0,1,36,6.5,6.3,6,5.5,-0.5
2016/17,Jack Wilshere,3,1950,0,3,4,0,0,5,61,6,5.8,5.5,5,-0.5
2018/19,Jacob Murphy,3,296,0,1,0,0,0,1,16,5,4.7,5,5.5,0.5
2010/11,Jake Livermore,3,0,0,0,0,0,0,0,0,4.5,4.5,5,5,0
2015/16,Jakob Haugaard,1,405,0,0,0,0,0,0,5,4.5,4.4,4.5,4.5,0
2017/18,Jamaal Lascelles,2,2927,3,0,5,0,0,9,116,4.5,4.9,5,5,0
2011/12,James Collins,2,2780,1,0,7,0,0,7,87,5.5,5.3,5,4.5,-0.5
2012/13,James Collins,2,2492,0,2,9,0,1,9,90,5,4.6,4.5,4.5,0
2019/20,James Garner,3,8,0,0,0,0,0,0,1,4.5,4.3,4.4,4,-0.40000000000000036
2010/11,James McArthur,3,557,0,0,0,0,0,0,21,4.5,4.1,4.5,4.5,0
2016/17,James McArthur,3,1999,5,3,5,0,0,3,93,5,4.7,4.5,6.5,2
2018/19,James McArthur,3,3057,3,7,7,0,0,11,121,5,4.9,5.5,5.5,0
2010/11,James McCarthy,3,1976,3,1,2,0,0,5,75,5,4.6,5.5,5,-0.5
2011/12,James McCarthy,3,2876,0,3,7,0,0,7,80,5.5,5,5,4.5,-0.5
2014/15,James McCarthy,3,2400,2,2,7,0,0,8,79,5,4.6,5,6,1
2011/12,James McClean,3,1845,5,3,2,0,0,8,101,4.5,4.8,6.5,4.5,-2
2012/13,James McClean,3,2343,2,4,4,0,0,10,97,6.5,5.6,5.5,7.5,2
2015/16,James McClean,3,2413,2,3,7,1,0,5,76,5,4.7,5,4.5,-0.5
2016/17,James McClean,3,1477,1,3,9,0,0,2,52,5,4.8,5,4.5,-0.5
2012/13,James Milner,3,1724,4,4,1,1,0,11,96,6.5,6.1,6,6,0
2014/15,James Milner,3,1749,5,8,6,0,0,7,107,5.5,5.4,7,6.5,-0.5
2016/17,James Milner,3,3154,7,4,5,0,0,12,139,6.5,6.3,6.5,6.5,0
2017/18,James Milner,3,1759,0,3,3,0,0,6,77,6.5,6,5.5,5.5,0
2007/08,James Morrison,3,0,0,0,0,0,0,0,0,5,5,5,5.5,0.5
2016/17,James Tarkowski,2,568,0,0,1,0,0,1,23,4,4,4.5,6,1.5
2019/20,James Tarkowski,2,3420,2,3,10,0,0,15,143,5,5.5,5.3,5.5,0.20000000000000018
2008/09,James Tomkins,2,1001,1,0,0,1,0,0,51,4,4,4.5,8,3.5
2009/10,James Tomkins,2,1996,0,0,0,0,0,0,51,4.5,4.1,4.5,8,3.5
2015/16,James Tomkins,2,1961,0,0,3,0,0,8,70,5,4.8,5,7,2
2018/19,James Tomkins,2,2561,1,1,6,0,0,10,86,4.5,4.3,5,4.5,-0.5
2014/15,James Ward-Prowse,3,1476,1,8,0,1,0,6,72,5,4.8,6,5,-1
2015/16,James Ward-Prowse,3,1545,2,4,5,0,0,7,80,6,5.5,5.5,4.5,-1
2015/16,James Weir,3,1,0,0,0,0,0,0,1,4.5,4.5,4.5,4.5,0
2014/15,James Wilson,4,357,1,0,3,0,0,1,16,4.5,4.3,5,5,0
2015/16,Jamie Vardy,4,3133,24,8,5,1,0,14,211,6,7.4,10,8,-2
2018/19,Jamie Vardy,4,2726,18,5,3,1,0,11,174,9,9,9,5,-4
2015/16,Jan Kirchhoff,3,1076,0,0,0,0,0,5,45,4.5,4.3,4.5,5,0.5
2013/14,Jan Vertonghen,2,2003,0,1,4,0,0,10,91,7,6.9,6,5.5,-0.5
2014/15,Jan Vertonghen,2,2811,1,0,6,0,0,7,90,6,5.8,5.5,4.5,-1
2016/17,Jan Vertonghen,2,2894,0,0,5,0,0,15,126,5.5,5.8,6,5.5,-0.5
2018/19,Jannik Vestergaard,2,2027,0,0,2,0,0,4,50,5,4.6,5,4.5,-0.5
2012/13,Jason Puncheon,3,2057,5,6,1,0,0,5,110,4.5,4.7,5.5,5,-0.5
2015/16,Jason Puncheon,3,2615,2,3,3,0,0,9,87,6,5.5,5.5,5,-0.5
2018/19,Javier Hernandez Balcazar,4,1326,7,4,2,0,0,6,86,6.5,6.1,6,5,-1
2016/17,Jay Fulton,3,690,0,0,2,0,0,3,19,4.5,4.4,4.5,5,0.5
2016/17,Jay Rodriguez,4,893,5,2,0,0,0,3,73,6.5,5.9,6,4,-2
2014/15,Jeffrey Schlupp,3,2531,3,2,4,0,1,8,98,4.5,4.5,5,6,1
2016/17,Jeffrey Schlupp,3,1139,0,2,0,0,0,3,47,5,4.7,5,5.5,0.5
2019/20,Jeffrey Schlupp,3,1030,3,1,2,0,0,4,51,5.5,5.4,5.3,6,0.7000000000000002
2016/17,Jermain Defoe,4,3322,15,3,1,0,0,6,166,7,7.4,8,5,-3
2014/15,Jerome Sinclair,4,27,0,0,0,0,0,0,2,4.5,4.5,4.5,6.5,2
2017/18,Jerome Sinclair,4,29,0,0,0,0,0,0,4,5,4.9,4.5,4,-0.5
2018/19,Jesse Lingard,3,1657,4,3,3,0,0,3,78,7,6.7,6.5,7.5,1
2019/20,Joao Filipe Iria Santos Moutinho,3,3105,1,7,7,0,0,11,113,5.5,5.3,5.1,6.5,1.4000000000000004
2013/14,Joe Allen,3,1442,1,1,4,0,0,3,46,5,4.5,5,8,3
2012/13,Joe Bennett,2,1856,0,2,2,1,0,0,28,4.5,4.4,4.5,7.5,3
2014/15,Joe Bennett,2,0,0,0,0,0,0,0,0,4.5,4.5,4,5,1
2008/09,Joe Hart,1,1998,0,0,0,0,0,0,75,5,4.5,4,5,1
2010/11,Joe Hart,1,3420,0,1,1,0,0,18,175,6,6.9,7,4.5,-2.5
2011/12,Joe Hart,1,3420,0,0,0,0,0,17,166,7,6.8,7,4.5,-2.5
2017/18,Joe Hart,1,1710,0,1,0,0,0,4,59,4.5,4.2,4.5,5,0.5
2014/15,Joe Ledley,3,2571,2,1,0,0,0,5,81,5.5,5.2,5,4.5,-0.5
2014/15,Joel Campbell,3,41,0,0,0,0,0,0,4,5.5,5,5,5,0
2016/17,Joel Matip,2,2457,1,0,3,0,0,9,97,5.5,5.4,5.5,5,-0.5
2017/18,Joel Matip,2,1995,1,0,3,0,0,9,81,5.5,5.4,5,4.5,-0.5
2016/17,Joel Robles,1,1737,0,1,2,0,0,10,89,5,4.7,4.5,4.5,0
2014/15,Joel Ward,2,3330,1,0,4,0,0,7,90,5,4.7,4.5,5,0.5
2015/16,Joel Ward,2,2691,2,1,4,0,0,6,93,4.5,4.3,5,5.5,0.5
2018/19,Joel Ward,2,551,1,0,1,0,0,0,13,4.5,4.3,4.5,5,0.5
2006/07,Joey Barton,3,2966,6,4,10,1,0,0,131,7,7.2,7.5,6,-1.5
2010/11,Joey Barton,3,2878,4,9,8,0,0,8,131,4.5,4.8,6,6,0
2016/17,Johann Berg Gudmundsson,3,999,1,3,1,0,0,3,47,5.5,4.8,5,6,1
2008/09,John O'Shea,2,1989,0,3,1,0,0,0,116,5.5,5.5,5.5,7,1.5
2009/10,John O'Shea,2,1119,1,1,0,0,0,0,56,5.5,5.1,5.5,4,-1.5
2012/13,John O'Shea,2,2992,2,4,3,0,0,9,115,5,5.1,5,4.5,-0.5
2013/14,John O'Shea,2,2919,1,0,2,1,1,10,101,5,4.8,4.5,5.5,1
2015/16,John O'Shea,2,2009,0,0,2,0,0,2,43,4.5,4.3,4.5,4.5,0
2012/13,John Obi Mikel,3,1620,0,0,3,0,0,6,45,4.5,4.3,4.5,5.5,1
2013/14,John Obi Mikel,3,1070,1,1,3,0,0,7,48,4.5,4.2,4.5,5.5,1
2011/12,John Ruddy,1,3319,0,0,1,1,0,3,97,4,4.2,4.5,4.5,0
2012/13,John Ruddy,1,1341,0,0,0,0,0,6,67,4.5,4.4,5,4.5,-0.5
2018/19,John Ruddy,1,90,0,0,0,0,0,1,7,4.5,4.2,4.5,4.5,0
2012/13,John Stones,2,0,0,0,0,0,0,0,0,4.5,4.5,4.5,5,0.5
2016/17,John Stones,2,2014,0,0,1,0,0,4,59,5,4.6,5.5,5.5,0
2019/20,John Stones,2,1118,0,0,0,0,0,3,34,5.5,5.3,5.1,5,-0.09999999999999964
2006/07,John Terry,2,2414,1,3,1,1,0,0,139,8,8.1,7.5,5,-2.5
2011/12,Joleon Lescott,2,2686,2,1,1,0,1,14,132,6.5,6.3,6.5,6.5,0
2011/12,Jon Flanagan,2,385,0,0,2,0,0,0,5,5,4.4,4.5,6,1.5
2013/14,Jon Flanagan,2,1891,1,2,3,0,0,5,69,4.5,4.4,5,6,1
2014/15,Jon Flanagan,2,0,0,0,0,0,0,0,0,5,4.7,4.5,5.5,1
2018/19,Jonas Lossl,1,2777,0,1,1,0,0,5,99,4.5,4.4,4.5,4.5,0
2010/11,Jonas Olsson,2,2123,1,3,1,0,1,2,62,4.5,4.2,4.5,4.5,0
2011/12,Jonas Olsson,2,2945,2,2,3,1,0,9,105,4.5,4.6,5,4.5,-0.5
2012/13,Jonas Olsson,2,3240,0,1,5,0,1,8,87,5,4.9,5,4.5,-0.5
2014/15,Jonas Olsson,2,825,1,0,2,0,0,3,32,5,4.6,4.5,5.5,1
2015/16,Jonathan Williams,3,11,0,0,0,0,0,0,1,4.5,4.3,4.5,6.5,2
2010/11,Jonjo Shelvey,3,340,0,1,1,0,0,0,18,5,5,5,9.5,4.5
2014/15,Jonjo Shelvey,3,2449,3,6,8,1,1,11,99,5.5,5.2,5.5,7,1.5
2017/18,Jonjo Shelvey,3,2264,1,4,2,2,0,6,73,5.5,5.2,5.5,6,0.5
2019/20,Jonjo Shelvey,3,2118,6,2,3,0,0,8,105,5,4.9,5.3,5,-0.2999999999999998
2008/09,Jonny Evans,2,1422,0,0,2,0,0,0,73,4.5,4.2,5.5,5,-0.5
2009/10,Jonny Evans,2,1585,0,0,2,0,0,0,68,5.5,4.8,5.5,6,0.5
2014/15,Jonny Evans,2,1090,0,0,1,0,0,6,53,5.5,5,5,5.5,0.5
2015/16,Jonny Evans,2,2590,1,1,4,0,0,8,96,5,4.5,4.5,5.5,1
2018/19,Jordan Ayew,4,1176,1,3,3,0,0,5,46,6,5.7,5,4.5,-0.5
2009/10,Jordan Henderson,3,2187,1,5,3,0,0,0,82,4.5,4.5,5.5,5,-0.5
2011/12,Jordan Henderson,3,2658,2,2,3,0,0,10,95,6.5,5.6,6,5,-1
2013/14,Jordan Henderson,3,3128,4,7,4,1,0,11,124,6,6.2,6,4,-2
2016/17,Jordan Henderson,3,2116,1,4,8,0,0,7,73,6.5,6.2,5.5,4,-1.5
2014/15,Jordan Pickford,1,0,0,0,0,0,0,0,0,4,4,4,5,1
2015/16,Jordan Pickford,1,180,0,0,0,0,0,0,4,4,3.9,4,10,6
2017/18,Jordan Pickford,1,3420,0,0,0,0,0,10,145,5,4.9,5,8.5,3.5
2013/14,Jordi Amat,2,1248,0,0,3,0,0,1,26,5,4.4,4.5,5.5,1
2014/15,Jordon Mutch,3,853,0,2,5,0,0,2,27,5.5,5,4.5,4.5,0
2015/16,Jose Angel Esmoris Tasende,2,0,0,0,0,0,0,0,0,4,4,4.5,5.5,1
2016/17,Jose Fonte,2,2934,0,0,4,0,0,11,98,5.5,5.3,5,5,0
2018/19,Jose Heriberto Izquierdo Mena,3,789,0,2,1,0,0,3,31,6,5.9,5.5,4,-1.5
2016/17,Jose Holebas,2,2905,2,4,14,0,0,7,87,4.5,4.6,5,4.5,-0.5
2017/18,Jose Holebas,2,2381,0,4,7,0,0,6,72,5,4.8,4.5,4.5,0
2018/19,Jose Luis Mato Sanmartin,4,586,2,0,1,0,0,1,30,5,4.7,5,4.5,-0.5
2009/10,Jose Reina,1,3420,0,1,2,0,0,0,164,6.5,6.2,6.5,5,-1.5
2015/16,Joseph Gomez,2,437,0,1,3,0,0,3,23,4.5,4.2,5,4.5,-0.5
2018/19,Josh Benson,3,0,0,0,0,0,0,0,0,4.5,4.5,4.5,5.5,1
2016/17,Josh Cullen,3,0,0,0,0,0,0,0,0,4.5,4.3,4.5,5.5,1
2014/15,Josh Onomah,3,0,0,0,0,0,0,0,0,4.5,4.5,4.5,6.5,2
2017/18,Joshua King,4,2450,8,4,3,0,0,7,110,7.5,7,6.5,6,-0.5
2018/19,Joshua King,4,2963,12,3,3,0,0,10,141,6.5,6.4,6.5,6,-0.5
2015/16,Juan Carlos Paredes,2,771,0,1,1,0,0,2,30,4.5,4.2,4,5.5,1.5
2011/12,Juan Mata,3,2516,6,16,2,0,0,13,162,9.5,9.7,9.5,5,-4.5
2016/17,Juan Mata,3,1614,6,3,3,0,1,10,102,7.5,7.2,7,4.5,-2.5
2018/19,Juan Mata,3,1284,3,4,3,0,0,5,70,6.5,6.1,6.5,4.5,-2
2013/14,Julian Speroni,1,3330,0,0,0,0,0,12,144,4.5,4.8,5,4.5,-0.5
2015/16,Julian Speroni,1,180,0,0,0,0,0,0,5,4.5,4.2,4.5,4.5,0
2017/18,Julian Speroni,1,990,0,0,0,0,0,2,36,4,4,4,8.5,4.5
2019/20,Karl Darlow,1,0,0,0,0,0,0,0,0,4.5,4.3,4.9,6,1.0999999999999996
2019/20,Kayne Ramsay,2,0,0,0,0,0,0,0,0,4,3.9,4,4.5,0.5
2018/19,Kepa Arrizabalaga,1,3240,0,0,2,0,0,14,142,5.5,5.4,5.5,4.5,-1
2015/16,Kevin De Bruyne,3,2002,7,10,2,0,0,8,131,10,10.3,10.5,6,-4.5
2018/19,Konstantinos Mavropanos,2,147,0,0,1,0,0,0,3,5,4.7,4.5,6,1.5
2018/19,Kurt Zouma,2,2613,2,2,3,1,0,10,112,5,5,5,5.5,0.5
2009/10,Kyle Naughton,2,1,0,0,0,0,0,0,1,4.5,3.9,4,4.5,0.5
2012/13,Kyle Naughton,2,1059,0,1,0,0,0,4,48,4.5,3.9,4.5,4.5,0
2009/10,Kyle Walker,2,180,0,0,0,0,0,0,7,4,4,4,6,2
2016/17,Kyle Walker,2,2701,0,6,8,0,0,14,142,5.5,6.2,6.5,8.5,2
2018/19,Kyle Walker,2,2776,1,1,3,0,0,18,150,6.5,6.4,6,7,1
2015/16,Lamine Kone,2,1314,2,1,0,0,0,4,60,4.5,4.3,4.5,6.5,2
2010/11,Laurent Koscielny,2,2617,2,0,5,2,0,9,85,6,5.9,6,6.5,0.5
2014/15,Lazar Markovic,3,934,2,1,0,0,0,4,47,7.5,7,6,5,-1
2009/10,Lee Cattermole,3,1490,0,3,7,1,0,0,47,5,4.8,5.5,4.5,-1
2010/11,Lee Cattermole,3,1921,0,0,8,2,0,9,44,5.5,5.4,5,4.5,-0.5
2014/15,Lee Cattermole,3,2357,1,0,14,0,0,11,58,4.5,4.3,4.5,4.5,0
2015/16,Lee Cattermole,3,2210,0,0,8,0,0,7,53,4.5,4.3,4.5,5,0.5
2019/20,Lee Grant,1,0,0,0,0,0,0,0,0,5,4.7,4,5,1
2007/08,Leighton Baines,2,1140,0,1,1,0,0,0,56,4.5,4.3,5,5.5,0.5
2017/18,Leighton Baines,2,1909,2,3,1,0,0,5,82,6,5.7,5.5,6,0.5
2007/08,Leiva Lucas,3,1110,0,5,0,0,0,0,55,6.5,6.4,6.5,6,-0.5
2009/10,Leiva Lucas,3,2841,0,2,9,0,1,0,86,5,4.9,5,5,0
2010/11,Leiva Lucas,3,2858,0,2,6,1,0,12,81,5,4.5,5,6,1
2014/15,Leiva Lucas,3,1313,0,0,4,0,0,7,37,4.5,4.3,4.5,5.5,1
2016/17,Leon Britton,3,1163,0,0,3,0,0,5,32,4.5,4.4,4.5,4.5,0
2015/16,Lewis Grabban,4,827,1,0,2,0,0,0,30,4.5,4.2,4.5,4,-0.5
2013/14,Liam Rosenior,2,1987,1,3,5,0,0,7,90,4,4.1,4.5,4.5,0
2013/14,Lloyd Isgrove,3,0,0,0,0,0,0,0,0,4.5,4.2,4.5,4.5,0
2014/15,Lloyd Isgrove,3,9,0,0,0,0,0,0,1,4.5,4.2,4.5,5,0.5
2012/13,Loic Remy,4,1141,6,0,1,0,0,3,53,6,5.4,7.5,7.5,0
2018/19,Lucas Digne,2,2964,4,5,5,1,1,13,158,5,5.4,6,5.5,-0.5
2019/20,Lucas Digne,2,3031,0,8,6,0,1,9,120,6,5.9,6.2,4.5,-1.7000000000000002
2016/17,Lucas Perez,4,272,1,1,0,0,0,1,20,8.5,7.8,7.5,5.5,-2
2019/20,Lucas Torreira,3,1501,1,1,7,0,0,3,46,5,4.7,4.7,7.5,2.8
2019/20,Luka Milivojevic,3,2510,3,1,12,0,0,7,81,7,6.7,5.6,9.5,3.9000000000000004
2017/18,Lukasz Fabianski,1,3420,0,0,0,0,0,9,157,4.5,4.7,4.5,6,1.5
2015/16,Luke Dreher,3,0,0,0,0,0,0,0,0,4.5,4.5,4.5,4.5,0
2018/19,Luke Dreher,3,1,0,0,0,0,0,0,1,4.5,4.5,4.5,5.5,1
2013/14,Luke Garbutt,2,1,0,0,0,0,0,0,1,4,4,4,6,2
2013/14,Luke Shaw,2,2990,0,2,4,0,0,14,123,4.5,5.1,6,5.5,-0.5
2015/16,Lynden Gooch,3,0,0,0,0,0,0,0,0,4.5,4.4,4.5,6,1.5
2018/19,Lys Mousset,4,350,1,0,1,0,0,0,28,5,4.9,5,7,2
2014/15,Mame Biram Diouf,4,2434,12,3,7,0,0,6,128,6.5,6.1,6.5,7,0.5
2017/18,Manolo Gabbiadini,4,1067,5,0,2,0,0,4,66,7,6.2,6,6,0
2016/17,Manuel Lanzini,3,2708,8,3,9,0,0,9,133,6.5,5.9,7,8,1
2019/20,Manuel Lanzini,3,1370,0,3,1,0,0,2,50,6.5,6.1,6.4,7,0.5999999999999996
2008/09,Marc Albrighton,3,0,0,0,0,0,0,0,0,4.5,4.5,4.5,5.5,1
2010/11,Marc Albrighton,3,1800,5,7,3,0,0,4,99,4.5,4.4,6.5,5.5,-1
2011/12,Marc Albrighton,3,1499,2,2,3,0,0,4,62,6.5,5.9,5.5,4.5,-1
2016/17,Marc Albrighton,3,2412,2,6,5,0,0,8,95,5.5,5,5.5,4.5,-1
2017/18,Marc Albrighton,3,2533,2,8,5,1,0,8,107,5.5,5.5,5.5,4.5,-1
2014/15,Marc Muniesa,2,1389,0,0,3,0,0,7,59,4.5,4.2,4.5,4.5,0
2016/17,Marc Muniesa,2,650,1,0,2,0,0,3,34,4.5,4,4.5,4.5,0
2016/17,Marc Pugh,3,1329,2,3,1,0,0,5,64,5,4.6,5,4.5,-0.5
2009/10,Marc Wilson,2,2408,0,1,2,0,1,0,62,4,4,4.5,5,0.5
2014/15,Marc Wilson,2,2122,0,0,4,1,0,5,63,4.5,4.3,4.5,5.5,1
2015/16,Marc Wilson,2,261,0,0,0,0,0,0,4,4.5,4.4,4,4.5,0.5
2010/11,Marcos Alonso,2,360,0,0,3,0,0,1,7,4.5,4,4,5,1
2016/17,Marcos Alonso,2,2693,6,5,2,0,0,15,177,6,6.9,7,5.5,-1.5
2017/18,Marcos Alonso,2,2855,7,2,6,0,0,13,165,7,7.1,6.5,5,-1.5
2016/17,Marcos Rojo,2,1663,1,0,5,0,0,8,77,5.5,5.2,5.5,4.5,-1
2015/16,Marcus Browne,3,0,0,0,0,0,0,0,0,4.5,4.5,4.5,7,2.5
2017/18,Marcus Rashford,3,1799,7,5,3,0,0,10,104,7.5,7.3,7,4,-3
2019/20,Marcus Rashford,3,2645,17,8,3,0,0,9,177,8.5,8.9,9.6,6,-3.5999999999999996
2011/12,Mario Balotelli,4,1326,13,2,4,2,0,7,97,9,7.8,9,5.5,-3.5
2014/15,Mario Balotelli,4,939,1,2,5,0,0,4,32,10,9.2,7,4.5,-2.5
2018/19,Mario Lemina,3,1612,1,2,5,0,0,4,50,5,4.7,5,4.5,-0.5
2019/20,Mario Lemina,3,0,0,0,0,0,0,0,0,5,4.6,4.5,4.5,0
2006/07,Mark Noble,3,837,2,0,2,0,0,0,37,4.5,4.3,4.5,4.5,0
2014/15,Mark Noble,3,2302,2,5,4,0,1,7,89,5.5,5.3,5.5,5,-0.5
2019/20,Mark Noble,3,2675,4,4,5,0,0,7,105,5,4.9,4.5,4,-0.5
2015/16,Marko Arnautovic,4,2808,11,6,2,0,0,11,165,6,6.3,7.5,4.5,-3
2008/09,Marouane Fellaini,3,2385,8,3,12,0,0,0,111,6.5,6.7,7,9,2
2010/11,Marouane Fellaini,3,1652,1,3,3,1,0,3,56,6.5,5.9,6.5,7.5,1
2011/12,Marouane Fellaini,3,2857,3,5,6,0,0,10,105,6.5,6.2,6.5,8.5,2
2017/18,Marouane Fellaini,3,611,4,0,1,0,0,4,47,5,4.7,5,6.5,1.5
2007/08,Martin Cranie,2,54,0,0,0,0,0,0,2,4.5,4.5,4,7.5,3.5
2017/18,Martin Dubravka,1,1080,0,0,0,0,0,4,53,4.5,4.5,5,5.5,0.5
2012/13,Martin Kelly,2,335,0,0,0,0,0,0,6,5.5,5.1,4.5,5.5,1
2013/14,Martin Kelly,2,112,0,0,0,0,0,0,5,4.5,3.9,4.5,5.5,1
2016/17,Martin Kelly,2,2124,0,2,4,0,0,2,46,4.5,4.2,4.5,5,0.5
2015/16,Mason Holgate,2,0,0,0,0,0,0,0,0,4,4,4.5,5,0.5
2013/14,Massadio Haidara,2,433,0,0,2,0,0,0,6,4.5,4.2,4.5,5.5,1
2015/16,Matej Vydra,4,0,0,0,0,0,0,0,0,5,4.8,4.5,5,0.5
2018/19,Mateo Kovacic,3,1725,0,2,3,0,0,9,64,6,5.7,5.5,5.5,0
2018/19,Mathew Ryan,1,3060,0,0,2,0,0,6,104,4.5,4.4,4.5,5.5,1
2019/20,Mathew Ryan,1,3420,0,0,0,0,0,9,135,4.5,4.7,4.1,6.5,2.4000000000000004
2013/14,Mathieu Debuchy,2,2490,1,4,8,1,1,9,93,5,4.7,5.5,7,1.5
2014/15,Mathieu Debuchy,2,805,1,1,2,0,0,0,23,5.5,5.2,5.5,5,-0.5
2017/18,Matt Butcher,3,0,0,0,0,0,0,0,0,4.5,4.5,4.5,4.5,0
2014/15,Matt Macey,1,0,0,0,0,0,0,0,0,4,4,4,6,2
2019/20,Matt Macey,1,0,0,0,0,0,0,0,0,4,4,4,6,2
2015/16,Matt Targett,2,1067,0,2,1,0,0,7,61,4,3.7,4.5,4.5,0
2019/20,Matt Targett,2,2291,1,3,4,0,0,5,80,4.5,4.3,5,4.5,-0.5
2017/18,Matteo Darmian,2,443,0,0,0,0,0,3,27,5.5,4.9,5,5,0
2019/20,Matteo Guendouzi,3,1744,0,2,6,0,0,3,48,4.5,4.1,4.7,5,0.2999999999999998
2012/13,Matthew Connolly,2,0,0,0,0,0,0,0,0,4,4,4.5,4.5,0
2014/15,Matthew James,3,1895,0,1,2,1,0,5,49,4.5,4.4,4.5,5,0.5
2013/14,Matthew Lowton,2,1664,0,3,4,0,0,2,43,5,4.2,4.5,13,8.5
2015/16,Matthew Pennington,2,298,0,0,1,0,0,0,4,4,4,4,12,8
2016/17,Matthew Pennington,2,180,1,0,0,0,0,0,9,4,3.9,4,4.5,0.5
2014/15,Matty James,3,1895,0,1,2,1,0,5,49,4.5,4.4,4.5,5,0.5
2014/15,Mauro Zarate,4,487,2,1,2,0,0,1,27,6.5,6.1,5.5,5,-0.5
2016/17,Mauro Zarate,4,204,0,1,0,0,0,0,8,5.5,5.2,5.5,5.5,0
2018/19,Max Meyer,3,1405,1,3,3,0,0,6,60,6,5.5,5.5,5,-0.5
2018/19,Maya Yoshida,2,1518,0,1,0,0,0,3,44,4.5,4.1,4.5,5,0.5
2015/16,Mesut Ozil,3,3036,6,19,4,0,0,17,200,8.5,9.2,9.5,6,-3.5
2016/17,Mesut Ozil,3,2841,8,11,2,0,0,12,167,9.5,9.5,9.5,5.5,-4
2009/10,Michael Carrick,3,2119,2,2,1,0,0,0,78,7.5,6.5,6.5,4.5,-2
2012/13,Michael Carrick,3,3044,1,4,3,0,0,11,101,6,5.9,6,5,-1
2007/08,Michael Dawson,2,2195,1,0,3,0,0,0,64,5.5,5.1,5,5.5,0.5
2010/11,Michael Dawson,2,2160,1,0,6,0,0,7,77,5.5,5.3,5.5,5,-0.5
2011/12,Michael Dawson,2,549,0,0,1,0,0,3,23,5.5,5.1,5,4.5,-0.5
2009/10,Michael Kightly,3,426,0,1,3,0,0,0,11,5.5,5.1,5,6.5,1.5
2012/13,Michael Kightly,3,1190,3,1,2,0,0,7,64,5.5,5.1,5.5,5.5,0
2013/14,Michael Kightly,3,0,0,0,0,0,0,0,0,5.5,5.2,5,5.5,0.5
2015/16,Michail Antonio,4,2057,8,7,3,0,0,7,126,6,5.3,7,6,-1
2016/17,Michail Antonio,4,2433,9,8,4,1,0,7,132,7,6.7,7.5,4.5,-3
2017/18,Michel Vorm,1,90,0,0,0,0,0,0,3,5,4.8,5,5,0
2018/19,Michel Vorm,1,180,0,0,0,0,0,0,5,5,4.7,4.5,5.5,1
2016/17,Michy Batshuayi,4,254,5,1,0,0,0,0,48,9,8.4,8.5,4.5,-4
2017/18,Michy Batshuayi,4,351,2,1,0,0,1,1,25,8.5,8.1,6.5,6.5,0
2019/20,Michy Batshuayi,4,224,1,2,0,0,0,0,28,7,6.6,5.7,6,0.2999999999999998
2015/16,Miguel Britos,2,2073,0,0,7,0,0,7,57,4.5,4.5,4.5,4.5,0
2014/15,Mile Jedinak,3,2077,5,3,3,1,0,5,86,5,5,5,4.5,-0.5
2014/15,Modou Barrow,3,289,0,2,1,0,0,1,17,4.5,4.4,4.5,4.5,0
2010/11,Mohamed Diame,3,2633,1,3,6,0,0,6,79,4.5,4.1,5,5,0
2016/17,Mohamed Diame,3,0,0,0,0,0,0,0,0,5.5,5.5,5,4,-1
2015/16,Mohamed Elneny,3,792,0,1,3,0,0,5,25,5.5,5.2,5,4.5,-0.5
2016/17,Mohamed Elneny,3,694,0,1,1,0,0,3,26,5,4.5,4.5,5,0.5
2016/17,Mohamed Naser El Sayed Elneny,3,694,0,1,1,0,0,3,26,5,4.5,4.5,5,0.5
2018/19,Mohamed Naser El Sayed Elneny,3,377,0,0,0,0,0,0,10,4.5,4.2,4.5,5,0.5
2019/20,Mohamed Naser El Sayed Elneny,3,0,0,0,0,0,0,0,0,4.5,4.2,4.2,7,2.8
2013/14,Mohamed Salah,3,501,2,1,1,0,0,2,31,6.5,5.5,6.5,4,-2.5
2018/19,Mohamed Salah,3,3254,22,12,1,0,0,21,259,13,13.2,12.5,5,-7.5
2013/14,Morgan Schneiderlin,3,2765,2,1,8,0,0,13,84,5.5,5.1,5.5,4.5,-1
2017/18,Morgan Schneiderlin,3,2124,0,0,4,1,0,6,52,5,4.7,4.5,9,4.5
2011/12,Mousa Dembele,3,2936,2,3,6,0,0,10,86,5.5,5.2,6,8.5,2.5
2013/14,Mousa Dembele,3,1818,1,2,5,0,0,8,65,5.5,5.1,5.5,4.5,-1
2017/18,Moussa Sissoko,3,1385,1,1,3,0,0,7,58,5.5,5.3,5,5,0
2019/20,Moussa Sissoko,3,2451,2,1,8,0,0,7,69,5,4.8,4.7,5,0.2999999999999998
2015/16,Muhamed Besic,3,558,0,0,1,0,0,1,15,4.5,4.4,4.5,4.5,0
2015/16,N'Golo Kante,3,3022,1,4,3,0,0,15,108,5,5,5,4.5,-0.5
2016/17,N'Golo Kante,3,3138,1,1,9,0,0,13,83,5,4.7,5,8.5,3.5
2017/18,N'Golo Kante,3,2994,1,2,3,0,0,16,101,5,4.9,5,5.5,0.5
2016/17,N'Golo Kante,3,3138,1,1,9,0,0,13,83,5,4.7,5,6.5,1.5
2019/20,N'Golo Kante,3,1730,3,0,4,0,0,3,57,5,5,4.9,6,1.0999999999999996
2014/15,Nabil Bentaleb,3,2193,0,2,8,0,0,5,55,4.5,4.3,4.5,4.5,0
2018/19,Naby Keita,3,1385,2,1,0,0,0,10,67,7.5,7.1,6,4.5,-1.5
2013/14,Nacho Monreal,2,1184,0,1,2,0,0,8,63,5.5,4.7,5,6,1
2014/15,Nacho Monreal,2,2311,0,2,3,0,0,9,92,5,4.9,5.5,6,0.5
2018/19,Nampalys Mendy,3,2085,0,1,5,0,0,7,58,4.5,4.3,4.5,7,2.5
2013/14,Nathan Ake,2,12,0,0,0,0,0,0,1,4.5,4.2,4.5,5.5,1
2015/16,Nathan Ake,2,1874,1,1,4,1,0,7,73,4.5,4.4,4.5,4.5,0
2019/20,Nathan Ake,2,2503,2,2,2,0,0,4,79,5,4.8,5.4,5.5,0.09999999999999964
2011/12,Nathan Dyer,3,2359,5,4,1,1,0,11,122,4.5,4.8,5.5,4.5,-1
2015/16,Nathan Dyer,3,239,1,1,1,0,0,0,20,5,4.6,5,4.5,-0.5
2016/17,Nathan Dyer,3,214,0,1,0,0,0,0,12,5,4.7,4.5,4.5,0
2015/16,Nathan Redmond,3,2341,6,4,0,0,0,3,110,5.5,5,6,4.5,-1.5
2011/12,Neil Etheridge,1,0,0,0,0,0,0,0,0,4.5,4.5,4,7.5,3.5
2012/13,Neil Etheridge,1,0,0,0,0,0,0,0,0,4,4,4,7.5,3.5
2012/13,Neil Taylor,2,276,0,0,0,0,0,2,17,5,4.5,4.5,5,0.5
2018/19,Nemanja Matic,3,2437,1,0,6,1,0,6,59,5,5,5,5,0
2016/17,Nicolas Otamendi,2,2592,1,2,9,0,0,9,100,6,5.9,5.5,4,-1.5
2012/13,Olivier Giroud,4,2331,11,4,3,1,0,10,121,9,7.3,8.5,4.5,-4
2013/14,Olivier Giroud,4,3069,16,9,4,0,0,16,187,8.5,8.7,8.5,8.5,0
2014/15,Olivier Giroud,4,1861,14,3,5,1,0,10,120,8.5,8.7,9,7.5,-1.5
2015/16,Olivier Giroud,4,2430,16,6,2,0,1,12,156,9,8.8,9,5.5,-3.5
2018/19,Olivier Giroud,4,828,2,4,1,0,0,6,55,8,7.7,7,5.5,-1.5
2019/20,Olivier Giroud,4,988,8,1,1,0,0,6,68,7,6.7,6.7,6,-0.7000000000000002
2016/17,Oriol Romeu Vidal,3,3071,1,0,11,0,0,13,80,4.5,4.4,4.5,8.5,4
2017/18,Oriol Romeu Vidal,3,2897,1,0,11,0,0,8,68,4.5,4.2,4.5,7.5,3
2019/20,Oriol Romeu Vidal,3,1855,0,0,5,0,0,5,51,4.5,4.3,4.5,6,1.5
2018/19,Oumar Niasse,4,988,0,0,0,0,0,5,30,5.5,5,4.5,6,1.5
2017/18,Pablo Zabaleta,2,3289,0,1,9,0,1,10,90,5,4.9,4.5,6,1.5
2015/16,Pape Souare,2,3015,0,1,6,1,1,7,78,4.5,4.2,4.5,5.5,1
2016/17,Pape Souare,2,270,0,0,0,0,0,0,6,4.5,4.1,4.5,5,0.5
2017/18,Pape Souare,2,8,0,0,0,0,0,0,1,4.5,4.5,4.5,4.5,0
2019/20,Pascal Gross,3,1791,2,5,4,0,1,3,76,6.5,6.2,5.8,4.5,-1.2999999999999998
2010/11,Patrice Evra,2,2957,1,2,1,0,1,12,113,7.5,7.3,7,6,-1
2012/13,Patrice Evra,2,3060,4,6,3,0,0,10,152,7,7.3,6.5,5.5,-1
2015/16,Patrick van Aanholt,2,2970,6,4,2,0,0,6,127,5,4.8,5,5.5,0.5
2019/20,Patrick van Aanholt,2,2507,3,2,0,0,1,8,109,5.5,5.6,5.4,6,0.5999999999999996
2014/15,Paul Dummett,2,2107,0,0,4,0,1,6,58,4,4.1,4.5,4.5,0
2017/18,Paul Dummett,2,1602,0,0,1,0,0,5,52,4.5,4.2,4.5,5.5,1
2007/08,Paul Robinson,1,2250,0,0,0,0,0,0,63,5,4.5,5,5,0
2015/16,Paulo Gazzaniga,1,180,0,0,0,0,0,0,5,4.5,4.5,4.5,5,0.5
2016/17,Pedro Obiang,3,1763,1,2,7,0,0,4,55,4.5,4.3,4.5,7,2.5
2017/18,Pedro Rodriguez Ledesma,3,1511,4,2,1,0,0,8,81,8,7.7,6.5,7.5,1
2014/15,Per Mertesacker,2,3150,0,1,2,0,0,12,121,6,6.1,5.5,5,-0.5
2006/07,Peter Crouch,4,1510,9,8,2,0,0,0,111,9,8.2,8.5,5,-3.5
2010/11,Peter Crouch,4,1945,4,7,0,0,1,4,92,7,6.5,7,5.5,-1.5
2011/12,Peter Crouch,4,2774,10,5,2,0,1,7,130,7,6.1,6.5,8,1.5
2014/15,Peter Crouch,4,1685,8,3,4,0,0,4,101,6,5.6,6,10.5,4.5
2015/16,Peter Crouch,4,463,0,1,0,0,0,0,18,6,5.6,5,12,7
2006/07,Petr Cech,1,1714,0,0,1,0,0,0,98,6.5,6.4,6.5,5,-1.5
2009/10,Petr Cech,1,3020,0,1,0,1,1,0,144,6.5,6.2,6.5,4,-2.5
2011/12,Petr Cech,1,3060,0,0,0,0,0,10,127,7,6.8,6.5,4,-2.5
2013/14,Phil Bardsley,2,2245,2,1,9,0,2,7,71,4.5,4.3,5,4.5,-0.5
2014/15,Phil Bardsley,2,2082,0,2,6,0,0,5,66,5,4.9,4.5,4,-0.5
2017/18,Phil Bardsley,2,1125,0,0,5,0,0,4,33,4.5,4,4.5,4.5,0
2007/08,Phil Jagielka,2,2654,1,4,2,0,0,0,128,5.5,5.4,6,6,0
2017/18,Phil Jagielka,2,2063,0,0,2,0,0,6,60,5,4.7,4.5,6,1.5
2019/20,Phil Jagielka,2,240,0,0,0,0,0,0,6,4.5,4.1,3.9,7,3.1
2012/13,Phil Jones,2,1209,0,2,4,0,1,2,37,6,5.7,6,8,2
2013/14,Phil Jones,2,2171,1,2,5,0,0,8,86,6,5.9,5.5,8,2.5
2018/19,Phil Jones,2,1261,0,1,1,0,0,3,43,5.5,5.1,5,8.5,3.5
2019/20,Phil Jones,2,135,0,0,0,0,0,0,2,5,4.7,4.8,9.5,4.7
2012/13,Philippe Coutinho,3,923,3,7,0,0,0,6,70,6.5,7.1,9,4.5,-4.5
2019/20,Pierre-Emile Hojbjerg,3,2750,0,3,5,0,0,7,75,5,4.8,4.9,5.5,0.5999999999999996
2017/18,Rafael Camacho,3,0,0,0,0,0,0,0,0,4.5,4.5,5,5.5,0.5
2018/19,Rafael Camacho,3,1,0,0,0,0,0,0,1,5,5,4.5,4,-0.5
2017/18,Ragnar Klavan,2,1449,1,0,0,0,0,8,78,4.5,4.1,4.5,4.5,0
2017/18,Raheem Sterling,3,2584,18,17,3,1,0,13,229,8,9.1,11,4.5,-6.5
2016/17,Ramadan Sobhi,3,855,0,2,2,0,0,5,36,5.5,4.8,5,4.5,-0.5
2015/16,Reece Burke,2,0,0,0,0,0,0,0,0,4,3.9,4,5.5,1.5
2017/18,Rhu-endly Martina,2,1830,0,2,2,0,0,5,55,4.5,4.1,4.5,5,0.5
2019/20,Ricardo Domingos Barbosa Pereira,2,2520,3,2,1,0,0,10,123,6,6.2,5.9,5,-0.9000000000000004
2009/10,Richard Stearman,2,1127,1,0,4,1,0,0,35,4,3.7,4,8.5,4.5
2018/19,Richarlison de Andrade,4,2662,13,3,5,1,0,11,153,6.5,6.4,8,5,-3
2012/13,Rickie Lambert,4,3126,15,8,2,0,0,8,187,6,6.8,7.5,8,0.5
2014/15,Riyad Mahrez,3,2079,4,5,0,0,0,6,102,5,4.9,5.5,8,2.5
2018/19,Rob Holding,2,806,0,0,1,0,0,1,24,4.5,4.3,4.5,10,5.5
2019/20,Rob Holding,2,580,0,0,1,0,0,1,16,4.5,4.4,4.3,6.5,2.2
2014/15,Robbie Brady,3,1762,0,2,2,0,0,6,59,5,4.4,5.5,6,0.5
2013/14,Robert Elliot,1,180,0,0,0,0,0,0,2,4.5,4.3,4,4.5,0.5
2018/19,Robert Elliot,1,0,0,0,0,0,0,0,0,4.5,4.3,4,5,1
2006/07,Robert Green,1,2340,0,0,0,0,0,0,99,4.5,4.4,4.5,5,0.5
2007/08,Robert Green,1,3420,0,0,2,0,0,0,144,4.5,5,5,4.5,-0.5
2009/10,Robert Green,1,3402,0,0,0,0,1,0,122,5,4.8,5,4.5,-0.5
2006/07,Robert Huth,2,795,1,0,3,0,0,0,22,5.5,5.3,5,4.5,-0.5
2007/08,Robert Huth,2,923,1,0,3,0,0,0,45,5,4.6,4.5,6,1.5
2010/11,Robert Huth,2,3110,6,3,7,0,0,8,138,5,5.9,6,5.5,-0.5
2013/14,Robert Huth,2,1066,0,2,4,0,0,4,41,5.5,5.2,5,5,0
2014/15,Robert Huth,2,1182,1,0,2,0,0,6,55,5,4.7,4.5,6,1.5
2015/16,Robert Huth,2,3150,3,0,8,0,0,15,140,4.5,4.8,5,6.5,1.5
2017/18,Robert Kenedy Nunes do Nascimento,3,1023,2,2,1,0,0,6,51,5,4.8,5,5,0
2018/19,Robert Kenedy Nunes do Nascimento,3,1337,1,1,1,0,0,6,50,5,4.7,5.5,6,0.5
2017/18,Robert Snodgrass,3,0,0,0,0,0,0,0,0,6,5.8,5.5,5.5,0
2015/16,Roberto Firmino,4,1973,10,8,1,0,0,9,155,8.5,8.3,8.5,7,-1.5
2016/17,Roberto Firmino,4,3062,11,11,5,0,0,11,180,8.5,8.5,8.5,8.5,0
2018/19,Roberto Firmino,4,2606,12,8,0,0,0,19,160,9.5,9.3,9.5,9.5,0
2016/17,Roberto Pereyra,3,1036,2,3,2,1,0,3,43,6,5.8,6,6,0
2016/17,Romelu Lukaku,4,3266,25,6,3,0,0,13,221,9,10.1,11.5,4.5,-7
2012/13,Ross Barkley,3,209,0,0,2,0,0,1,7,4.5,4.1,4.5,4.5,0
2018/19,Ruben Diogo da Silva Neves,3,3006,4,3,8,0,0,8,104,5,4.9,5.5,4.5,-1
2019/20,Ruben Goncalo Silva Nascimento Vinagre,2,644,0,0,1,0,0,3,32,4.5,4.1,4.1,4,-0.09999999999999964
2015/16,Ruben Loftus-Cheek,3,412,1,1,0,0,0,1,25,5,4.6,5.5,8.5,3
2017/18,Ruben Loftus-Cheek,3,1871,2,5,1,0,0,6,77,4.5,4.4,5.5,7.5,2
2015/16,Rudy Gestede,4,1669,5,3,2,0,0,0,78,6,5.5,5,5,0
2015/16,Ryan Allsop,1,45,0,0,0,0,0,0,1,4.5,4.4,4,4.5,0.5
2011/12,Ryan Bertrand,2,540,0,0,1,0,0,1,13,4.5,4.4,4.5,5.5,1
2015/16,Ryan Bertrand,2,2880,1,4,6,0,0,9,106,5.5,5.2,5.5,5,-0.5
2016/17,Ryan Bertrand,2,2507,2,5,3,0,0,12,123,5.5,5.6,5.5,5.5,0
2018/19,Ryan Bertrand,2,2160,1,0,8,0,0,6,56,5,4.8,5,6,1
2019/20,Ryan Bertrand,2,2742,1,1,3,1,0,7,75,5,4.8,5,4.5,-0.5
2013/14,Ryan Inniss,2,0,0,0,0,0,0,0,0,4,4,4,4.5,0.5
2014/15,Ryan Mason,3,2313,1,4,10,0,0,7,75,5,4.5,5,4.5,-0.5
2009/10,Ryan Shawcross,2,2447,2,3,8,1,0,0,108,4.5,5.2,5,6,1
2010/11,Ryan Shawcross,2,3196,1,0,7,2,0,9,92,5,4.7,5,4.5,-0.5
2011/12,Ryan Shawcross,2,3168,2,2,8,0,0,9,118,5,5.3,5,10,5
2016/17,Ryan Shawcross,2,3150,1,2,6,0,2,9,94,5,4.9,5,12.5,7.5
2016/17,Sadio Mane,3,2242,13,7,4,0,0,8,156,9,9.3,9.5,12,2.5
2019/20,Sadio Mane,3,2745,18,10,3,0,0,12,221,11.5,12.1,11.8,12,0.1999999999999993
2013/14,Saido Berahino,4,1419,5,2,0,0,0,3,79,4.5,4.5,5.5,11.5,6
2016/17,Salomon Rondon,4,2892,8,3,2,0,0,6,118,6.5,6.3,6.5,12,5.5
2017/18,Salomon Rondon,4,2765,7,3,4,0,0,6,103,6.5,6,6,11,5
2016/17,Sam Byram,2,1249,0,1,5,1,0,3,29,4.5,4.2,4.5,4.5,0
2018/19,Sam Byram,2,0,0,0,0,0,0,0,0,4.5,4.5,4.5,4.5,0
2013/14,Samir Nasri,3,2485,7,11,3,0,0,13,155,8,8.7,8.5,4.5,-4
2012/13,Santiago Cazorla,3,3301,12,13,1,0,0,13,205,9,9.7,10,4.5,-5.5
2009/10,Scott Dann,2,2700,0,2,4,0,2,0,88,4,4,4.5,5,0.5
2015/16,Scott Dann,2,3150,5,2,7,0,0,8,130,5,5.6,5.5,5.5,0
2017/18,Scott Dann,2,1434,1,0,4,0,0,1,32,5,4.6,4.5,6,1.5
2019/20,Scott Dann,2,1264,0,1,0,0,0,5,51,4.5,4.3,4.2,6,1.7999999999999998
2010/11,Seamus Coleman,2,2256,4,4,4,1,0,7,116,4.5,5.2,7,5.5,-1.5
2012/13,Seamus Coleman,2,2165,0,5,4,0,0,9,74,5,4.6,5,5,0
2016/17,Seamus Coleman,2,2316,4,4,3,0,0,10,133,5.5,5.6,6.5,4.5,-2
2018/19,Seamus Coleman,2,2558,2,2,1,0,1,13,125,5.5,5.2,5.5,4.5,-1
2019/20,Sean Longstaff,3,1370,1,2,2,1,0,2,44,5,5,4.6,5.5,0.9000000000000004
2009/10,Sebastian Larsson,3,2377,4,3,3,0,0,0,94,5,4.9,5.5,5,-0.5
2012/13,Sebastian Larsson,3,2977,1,6,5,0,0,13,112,6.5,5.9,6,4.5,-1.5
2017/18,Sebastian Prodl,2,1566,0,0,5,0,0,5,42,4.5,4.3,4.5,4.5,0
2013/14,Serge Gnabry,3,462,1,1,0,0,0,4,29,4.5,3.9,5,4.5,-0.5
2012/13,Sergio Aguero,4,1944,12,3,2,0,0,10,121,11.5,11.1,11,5,-6
2014/15,Sergio Aguero,4,2532,26,10,4,0,0,9,216,12,12.9,13,5,-8
2011/12,Sergio Aguero,4,2576,23,9,2,0,0,18,211,11,11.4,11.5,5,-6.5
2016/17,Sergio Romero,1,180,0,0,0,0,0,2,23,5,4.7,5,4.5,-0.5
2010/11,Shane Duffy,2,0,0,0,0,0,0,0,0,4.5,4.5,5,5.5,0.5
2011/12,Shane Duffy,2,213,0,0,0,0,0,0,6,5,4.7,4.5,5.5,1
2019/20,Shane Duffy,2,1232,1,0,2,0,0,3,44,5,4.8,4.3,5.5,1.2000000000000002
2011/12,Shane Long,4,2185,8,1,2,0,0,6,97,6,5.7,6,4,-2
2013/14,Shane Long,4,2240,7,2,2,0,0,7,97,6.5,5.5,6,8.5,2.5
2015/16,Shane Long,4,2111,10,4,2,0,0,9,109,6,5.7,6.5,5,-1.5
2006/07,Shaun Maloney,3,449,1,0,0,0,0,0,18,6,6,6,4.5,-1.5
2007/08,Shay Given,1,1628,0,0,2,0,0,0,39,5,4.8,5,4,-1
2008/09,Shay Given,1,3330,0,1,2,0,0,0,144,5,4.8,5.5,5,-0.5
2011/12,Shkodran Mustafi,2,0,0,0,0,0,0,0,0,5,5,4,5,1
2018/19,Shkodran Mustafi,2,2611,2,0,9,0,0,6,80,5.5,5.4,5.5,7,1.5
2018/19,Simon Francis,2,1227,0,2,1,0,0,4,40,4.5,4.3,4.5,6,1.5
2011/12,Simon Mignolet,1,2571,0,0,0,0,0,11,121,4.5,4.4,5,5,0
2014/15,Simon Mignolet,1,3225,0,0,0,0,1,14,149,5.5,5.4,5,7.5,2.5
2018/19,Simon Mignolet,1,0,0,0,0,0,0,0,0,5,4.7,4.5,7.5,3
2012/13,Stephen Ireland,3,780,0,1,1,0,0,3,26,5.5,5,5,4,-1
2014/15,Stephen Kingsley,2,0,0,0,0,0,0,0,0,4.5,4.3,4,4.5,0.5
2015/16,Stephen Kingsley,2,355,0,1,0,0,1,1,13,4,4,4,5,1
2010/11,Stephen Ward,2,2396,1,2,2,0,0,2,66,4.5,4.4,4.5,5,0.5
2016/17,Stephen Ward,2,3230,1,1,5,0,0,8,91,4.5,4.5,4.5,7,2.5
2015/16,Steve Cook,2,3195,4,2,5,0,0,7,114,4.5,4.3,5,9,4
2017/18,Steve Cook,2,2764,2,1,5,0,1,5,83,5,4.6,4.5,6.5,2
2006/07,Steve Sidwell,3,3092,4,6,3,0,0,0,134,6,6.3,8,6,-2
2007/08,Steve Sidwell,3,518,0,1,1,0,0,0,25,8,7.3,6.5,5,-1.5
2009/10,Steve Sidwell,3,1227,0,2,3,0,0,0,43,6,5.5,5,5,0
2012/13,Steve Sidwell,3,2105,4,2,7,2,0,6,83,5,4.9,5,4.5,-0.5
2014/15,Steve Sidwell,3,450,0,0,3,0,0,0,13,5.5,5,4.5,4.5,0
2016/17,Steven Berghuis,3,0,0,0,0,0,0,0,0,5,5,5,7,2
2014/15,Steven Davis,3,2637,0,2,3,0,0,11,79,5,4.7,5,5.5,0.5
2016/17,Steven Davis,3,2643,0,3,3,0,0,10,77,5.5,5.1,5,4.5,-0.5
2016/17,Steven Defour,3,1068,1,3,1,0,0,5,54,6,5.6,5.5,4.5,-1
2012/13,Steven Pienaar,3,3055,6,8,5,2,0,11,141,6.5,6.6,7,5,-2
2013/14,Stewart Downing,3,2507,1,2,0,0,0,12,85,6,5.8,5.5,5,-0.5
2014/15,Stewart Downing,3,3312,6,8,3,0,0,9,160,5.5,5.9,6,6,0
2019/20,Stuart Armstrong,3,1706,5,4,4,0,0,7,98,5.5,5.2,5.5,5.5,0
2008/09,Stuart Taylor,1,0,0,0,0,0,0,0,0,4.5,4.2,4.5,5,0.5
2015/16,Sullay Kaikai,3,45,0,0,0,0,0,0,1,4.5,4.5,4.5,4.5,0
2014/15,Sung-yueng Ki,3,2689,8,1,4,0,0,11,129,5,5.1,5.5,5.5,0
2019/20,Tahith Chong,3,34,0,0,0,0,0,0,3,4.5,4.2,4.4,5.5,1.0999999999999996
2009/10,Theo Walcott,3,1129,3,2,0,0,0,0,65,8,7.7,7,5.5,-1.5
2016/17,Theo Walcott,3,1916,10,3,1,0,0,8,122,7.5,7.2,7.5,5.5,-2
2014/15,Thomas Robson,2,0,0,0,0,0,0,0,0,4,4,4,4.5,0.5
2011/12,Tim Krul,1,3420,0,1,4,0,0,15,156,4.5,5,5.5,4.5,-1
2012/13,Tim Krul,1,2126,0,1,0,0,0,4,75,5.5,5.1,5,5,0
2017/18,Timothy Fosu-Mensah,2,1592,0,0,2,0,0,2,39,4.5,4.4,4.5,6.5,2
2019/20,Timothy Fosu-Mensah,2,136,0,0,1,0,0,1,7,4.5,4.5,4.3,4,-0.2999999999999998
2017/18,Toby Alderweireld,2,1177,0,0,3,0,0,5,43,6,5.8,6,4,-2
2018/19,Toby Alderweireld,2,2921,0,0,3,0,1,12,107,6,6,5.5,4.5,-1
2011/12,Tom Carroll,3,0,0,0,0,0,0,0,0,5,5,4.5,5,0.5
2013/14,Tom Carroll,3,0,0,0,0,0,0,0,0,4.5,4.4,4.5,5,0.5
2015/16,Tom Davies,3,98,0,0,0,0,0,1,4,4.5,4.5,4.5,4.5,0
2016/17,Tom Davies,3,1544,2,3,4,0,0,8,63,4.5,4.4,5.5,5,-0.5
2019/20,Tom Davies,3,2020,1,1,8,0,0,5,59,5.5,5.3,5.2,5,-0.20000000000000018
2017/18,Tom Heaton,1,305,0,0,0,0,0,0,8,5,4.7,5,5.5,0.5
2006/07,Tom Huddlestone,3,1509,1,2,1,0,0,0,64,4.5,4.2,5,5,0
2009/10,Tom Huddlestone,3,2844,2,3,8,0,0,0,104,5,5,6,4.5,-1.5
2015/16,Troy Deeney,4,3293,13,9,6,0,1,11,166,5.5,5.3,7,4.5,-2.5
2017/18,Troy Deeney,4,1836,5,2,1,1,0,6,73,6.5,6.3,6,5,-1
2018/19,Troy Deeney,4,2542,9,5,4,1,0,5,116,6,5.8,6.5,6.5,0
2015/16,Valon Behrami,3,1278,0,1,3,1,0,5,37,4.5,4.2,4.5,5,0.5
2012/13,Victor Anichebe,4,1716,6,6,2,0,0,10,95,5.5,4.3,5.5,7,1.5
2014/15,Victor Anichebe,4,1035,3,3,0,0,0,4,57,5,4.9,5,6,1
2017/18,Victor Lindelof,2,1284,0,0,1,0,0,5,47,5.5,4.9,5,5.5,0.5
2017/18,Victor Lindelof,2,1284,0,0,1,0,0,5,47,5.5,4.9,5,4.5,-0.5
2019/20,Victor Lindelof,2,3092,1,0,6,0,1,12,116,5.5,5.3,4.8,4.5,-0.2999999999999998
2012/13,Victor Moses,2,1214,1,1,0,0,0,8,56,7,6.2,6.5,4.5,-2
2014/15,Victor Moses,2,1444,3,4,3,0,0,5,66,5.5,5,5.5,4,-1.5
2013/14,Victor Wanyama,3,1659,0,0,7,0,0,9,42,5,4.4,4.5,4.5,0
2016/17,Victor Wanyama,3,3012,4,2,10,0,0,12,103,5,4.8,5,4.5,-0.5
2017/18,Vincent Janssen,4,1,0,0,0,0,0,0,1,7.5,7.4,4.5,4.5,0
2010/11,Vincent Kompany,2,3330,0,1,6,0,0,18,95,5.5,5.2,6,13,7
2012/13,Vincent Kompany,2,2236,1,0,3,1,1,11,91,7.5,7,6.5,9,2.5
2017/18,Virgil van Dijk,2,2253,0,0,1,0,0,8,78,5.5,5.7,6,6,0
2009/10,Wayne Hennessey,1,1170,0,1,0,0,0,0,37,4,3.9,4.5,5,0.5
2010/11,Wayne Hennessey,1,2160,0,0,0,0,0,5,74,4.5,4.3,4.5,5,0.5
2017/18,Wayne Hennessey,1,2430,0,0,1,0,0,7,99,4.5,4.4,4.5,4.5,0
2019/20,Wayne Hennessey,1,270,0,0,0,0,0,0,7,4.5,4.2,4.3,4.5,0.20000000000000018
2008/09,Wayne Rooney,4,2266,12,7,7,1,0,0,135,11,10.7,11,4.5,-6.5
2007/08,Wayne Routledge,3,99,0,0,0,0,0,0,5,5.5,4.9,4.5,5,0.5
2011/12,Wayne Routledge,3,1459,1,7,2,0,0,9,81,5,4.8,5,5,0
2013/14,Wayne Routledge,3,2700,2,4,2,0,0,7,95,5.5,4.9,5.5,7.5,2
2014/15,Wayne Routledge,3,2309,3,1,1,1,0,10,81,5.5,5.4,5.5,5.5,0
2015/16,Wes Morgan,2,3420,2,0,3,0,0,15,139,4.5,4.6,5,5,0
2019/20,Wes Morgan,2,430,0,0,0,0,0,1,19,4.5,4.1,4.4,4.5,0.09999999999999964
2016/17,Wilfred Ndidi,3,1521,2,3,0,0,0,4,59,5,4.6,5,4.5,-0.5
2015/16,Wilfried Bony,4,1226,4,4,1,0,0,5,63,8.5,7.9,7.5,4,-3.5
2016/17,Wilfried Zaha,3,3019,7,11,8,0,0,7,149,5.5,5.8,7,7.5,0.5
2017/18,Wilfried Zaha,3,2549,9,7,5,0,0,10,136,7,7.1,7,7,0
2018/19,Wilfried Zaha,3,3037,10,11,8,1,0,11,143,7,7,7,5,-2
2017/18,Will Hughes,3,987,2,3,0,0,0,4,53,5,4.6,5,4.5,-0.5
2019/20,Will Norris,1,0,0,0,0,0,0,0,0,4,3.9,4,4.5,0.5
2015/16,Willian Borges Da Silva,3,2740,5,10,5,0,0,8,135,7,6.9,7.5,5,-2.5
2018/19,Willian Borges Da Silva,3,2091,3,7,2,0,0,11,108,7.5,7.1,7,5.5,-1.5
2016/17,Willy Caballero,1,1452,0,0,0,0,0,6,64,5,4.8,5,7.5,2.5
2012/13,Winston Reid,2,3143,1,1,8,0,0,10,103,4.5,4.8,5,4.5,-0.5
2014/15,Winston Reid,2,2502,1,0,10,0,0,3,61,5,4.8,5,4.5,-0.5
2017/18,Winston Reid,2,1452,0,0,5,0,0,5,42,5,4.8,4.5,6.5,2
2018/19,Xherdan Shaqiri,3,1052,6,5,2,0,0,7,88,7.5,6.8,6.5,5.5,-1
2013/14,Yoan Gouffran,3,2610,6,5,3,0,0,7,114,6.5,6.3,6.5,6.5,0
2014/15,Yoan Gouffran,3,1968,2,1,3,0,0,2,67,6.5,6,6,6,0
2015/16,Yohan Benalouane,2,68,0,0,1,0,0,0,3,4.5,4.2,4,4.5,0.5
2015/16,Yohan Cabaye,3,2689,5,1,7,0,0,9,105,6.5,6.4,6,6,0
2018/19,Yoshinori Muto,4,514,1,0,1,0,0,1,24,6,5.6,5.5,5.5,0
2009/10,Younes Kaboul,2,2498,3,0,4,1,0,0,79,5,4.8,5,5,0
2012/13,Younes Kaboul,2,90,0,0,0,0,0,0,1,5.5,5,5,5,0
2014/15,Younes Kaboul,2,990,0,0,2,0,0,3,28,5,4.6,4.5,4.5,0
2015/16,Younes Kaboul,2,2008,0,2,3,1,0,8,72,4.5,4.2,4.5,6,1.5
2017/18,Younes Kaboul,2,151,0,0,0,0,0,1,7,4.5,4.2,4.5,5,0.5
